Polytope ID #	Polytope # (within H11)	H11	Basis from Toric Divisors	Toric from Basis Divisors	CY 2nd Chern Class (Basis)	CY Intersection Tensor (Basis)
42	1	3	{{J1,D3},{J2,D4},{J3,D7}}	{{J1,D1},{J2,D2},{J1,D3},{J2,D4},{4*J2+2*J3,D5},{-2*J1+2*J2+J3,D6},{J3,D7}}	4*J1*J2+2*J1*J3+22*J2*J3+5*J3^2	{{{0,0,0},{0,0,1},{0,1,-2}},{{0,0,1},{0,0,0},{1,0,2}},{{0,1,-2},{1,0,2},{-2,2,-8}}}
43	2	3	{{J1,D3},{J2,D4},{J3,D7}}	{{-J1+2*J2+J3,D1},{-J1+2*J2+J3,D2},{J1,D3},{J2,D4},{-2*J1+4*J2+2*J3,D5},{-3*J1+3*J2+J3,D6},{J3,D7}}	10*J1^2+116/3*J2*J3+14*J3^2	{{{1,0,0},{0,0,0},{0,0,0}},{{0,0,0},{0,1,-3},{0,-3,9}},{{0,0,0},{0,-3,9},{0,9,-24}}}
44	3	3	{{J1,D3},{J2,D6},{J3,D7}}	{{-J1+2*J2+J3,D1},{-J1+2*J2+J3,D2},{J1,D3},{-3*J1+4*J2+2*J3,D4},{-2*J1+3*J2+J3,D5},{J2,D6},{J3,D7}}	10*J1^2+116/3*J2*J3+14*J3^2	{{{1,0,0},{0,0,0},{0,0,0}},{{0,0,0},{0,1,-3},{0,-3,9}},{{0,0,0},{0,-3,9},{0,9,-24}}}
44	3	3	{{J1,D3},{J2,D6},{J3,D7}}	{{-J1+2*J2+J3,D1},{-J1+2*J2+J3,D2},{J1,D3},{-3*J1+4*J2+2*J3,D4},{-2*J1+3*J2+J3,D5},{J2,D6},{J3,D7}}	5/2*J2^2+187/18*J2*J3+10/9*J3^2	{{{-11,-6,0},{-6,-6,6},{0,6,-12}},{{-6,-6,6},{-6,-5,3},{6,3,3}},{{0,6,-12},{6,3,3},{-12,3,-24}}}
44	3	3	{{J1,D3},{J2,D6},{J3,D7}}	{{-J1+2*J2+J3,D1},{-J1+2*J2+J3,D2},{J1,D3},{-3*J1+4*J2+2*J3,D4},{-2*J1+3*J2+J3,D5},{J2,D6},{J3,D7}}	-43/3*J1*J3+86/3*J2*J3+32/3*J3^2	{{{-5,0,-6},{0,0,0},{-6,0,-6}},{{0,0,0},{0,1,-3},{0,-3,9}},{{-6,0,-6},{0,-3,9},{-6,9,-30}}}
45	4	3	{{J1,D4},{J2,D6},{J3,D7}}	{{-J1+J3,D1},{-J1+J3,D2},{J1,D3},{J1,D4},{4*J1+J2-2*J3,D5},{J2,D6},{J3,D7}}	-2*J1^2+14*J1*J3+6*J2*J3-3*J3^2	{{{-1,4,0},{4,-6,5},{0,5,2}},{{4,-6,5},{-6,8,-8},{5,-8,6}},{{0,5,2},{5,-8,6},{2,6,4}}}
46	5	3	{{J1,D3},{J2,D5},{J3,D7}}	{{2*J1-J2+J3,D1},{2*J1-J2+J3,D2},{J1,D3},{3*J1-J2+J3,D4},{J2,D5},{4*J1-2*J2+2*J3,D6},{J3,D7}}	-44/3*J1*J2+4*J2^2+116/3*J1*J3+14*J3^2	{{{1,0,-3},{0,0,0},{-3,0,9}},{{0,0,0},{0,2,0},{0,0,0}},{{-3,0,9},{0,0,0},{9,0,-24}}}
47	6	3	{{J1,D3},{J2,D6},{J3,D7}}	{{-J1+J2-J3,D1},{2*J1-J2+J3,D2},{J1,D3},{-4*J1+3*J2-2*J3,D4},{-2*J1+2*J2-J3,D5},{J2,D6},{J3,D7}}	-10*J1*J2+10*J2^2-2*J2*J3-2*J3^2	{{{-1,0,1},{0,4,4},{1,4,3}},{{0,4,4},{4,7,0},{4,0,-8}},{{1,4,3},{4,0,-8},{3,-8,-16}}}
48	7	3	{{J1,D3},{J2,D6},{J3,D7}}	{{-J1+J2,D1},{J1-J2+J3,D2},{J1,D3},{2*J1-J2+J3,D4},{3*J1-2*J2+J3,D5},{J2,D6},{J3,D7}}	10*J1^2-2*J1*J2-2*J2^2+14*J2*J3-12*J3^2	{{{-4,-4,3},{-4,-4,4},{3,4,1}},{{-4,-4,4},{-4,-5,4},{4,4,0}},{{3,4,1},{4,4,0},{1,0,-1}}}
48	7	3	{{J1,D3},{J2,D6},{J3,D7}}	{{-J1+J2,D1},{J1-J2+J3,D2},{J1,D3},{2*J1-J2+J3,D4},{3*J1-2*J2+J3,D5},{J2,D6},{J3,D7}}	10*J1^2-2*J2^2+18*J1*J3-4*J2*J3+6*J3^2	{{{0,0,-1},{0,0,0},{-1,0,5}},{{0,0,0},{0,-1,0},{0,0,4}},{{-1,0,5},{0,0,4},{5,4,-5}}}
49	8	3	{{J1,D5},{J2,D6},{J3,D7}}	{{-J2+J3,D1},{-2*J1-J2+2*J3,D2},{J1+J2-J3,D3},{J1+2*J2-J3,D4},{J1,D5},{J2,D6},{J3,D7}}	-3*J1^2-1/2*J2^2+8*J1*J3+7*J2*J3-2*J3^2	{{{-2,2,1},{2,2,3},{1,3,3}},{{2,2,3},{2,0,2},{3,2,4}},{{1,3,3},{3,2,4},{3,4,5}}}
50	9	3	{{J1,D2},{J2,D4},{J3,D7}}	{{J1,D1},{J1,D2},{J2,D3},{J2,D4},{2*J1+J3,D5},{4*J1+2*J2+2*J3,D6},{J3,D7}}	24*J1*J2+5*J2^2+12*J2*J3-6*J3^2	{{{0,0,0},{0,0,1},{0,1,0}},{{0,0,1},{0,0,0},{1,0,-2}},{{0,1,0},{1,0,-2},{0,-2,0}}}
51	10	3	{{J1,D5},{J2,D6},{J3,D7}}	{{-2*J1+2*J2+J3,D1},{J1,D2},{J1,D3},{J2,D4},{J1,D5},{J2,D6},{J3,D7}}	-3*J1^2+8*J1*J2+10*J2*J3+3*J3^2	{{{0,2,0},{2,0,5},{0,5,-10}},{{2,0,5},{0,0,0},{5,0,10}},{{0,5,-10},{5,0,10},{-10,10,-40}}}
52	11	3	{{J1,D4},{J2,D5},{J3,D6}}	{{J3,D1},{J2,D2},{J1,D3},{J1,D4},{J2,D5},{J3,D6},{2*J1+2*J2+2*J3,D7}}	5*J1^2+12*J1*J2+12*J1*J3+12*J2*J3	{{{0,0,0},{0,0,1},{0,1,0}},{{0,0,1},{0,0,0},{1,0,0}},{{0,1,0},{1,0,0},{0,0,0}}}
53	12	3	{{J1,D3},{J2,D4},{J3,D7}}	{{J2,D1},{J1,D2},{J1,D3},{J2,D4},{2*J2+J3,D5},{-2*J1+2*J2+J3,D6},{J3,D7}}	4*J1*J2+2*J1*J3+14*J2*J3+3*J3^2	{{{0,0,0},{0,0,3},{0,3,-6}},{{0,0,3},{0,0,0},{3,0,6}},{{0,3,-6},{3,0,6},{-6,6,-24}}}
54	13	3	{{J1,D2},{J2,D6},{J3,D7}}	{{J1,D1},{J1,D2},{J2,D3},{2*J1-J2+J3,D4},{2*J1-J2+J3,D5},{J2,D6},{J3,D7}}	4*J1*J2+14*J1*J3+2*J2*J3+3*J3^2	{{{0,0,0},{0,0,3},{0,3,6}},{{0,0,3},{0,0,0},{3,0,-6}},{{0,3,6},{3,0,-6},{6,-6,-24}}}
54	13	3	{{J1,D2},{J2,D6},{J3,D7}}	{{J1,D1},{J1,D2},{J2,D3},{2*J1-J2+J3,D4},{2*J1-J2+J3,D5},{J2,D6},{J3,D7}}	-J2^2+18*J1*J3+4*J3^2	{{{0,0,0},{0,0,3},{0,3,6}},{{0,0,3},{0,-6,0},{3,0,-6}},{{0,3,6},{3,0,-6},{6,-6,-24}}}
55	14	3	{{J1,D5},{J2,D6},{J3,D7}}	{{2*J1-J2+J3,D1},{2*J1-J2+J3,D2},{-4*J1+3*J2-2*J3,D3},{-J1+J2-J3,D4},{J1,D5},{J2,D6},{J3,D7}}	4*J1*J2-2*J2^2+9*J2*J3-4*J3^2	{{{0,3,3},{3,9,6},{3,6,3}},{{3,9,6},{9,13,0},{6,0,-12}},{{3,6,3},{6,0,-12},{3,-12,-24}}}
56	15	3	{{J1,D4},{J2,D6},{J3,D7}}	{{-J1+J2,D1},{-J1+J2,D2},{J1-J2+J3,D3},{J1,D4},{3*J1-2*J2+J3,D5},{J2,D6},{J3,D7}}	-2*J1^2+9*J1*J2-4*J2^2+8*J2*J3-2*J3^2	{{{-5,-6,3},{-6,-6,6},{3,6,3}},{{-6,-6,6},{-6,-6,9},{6,9,3}},{{3,6,3},{6,9,3},{3,3,0}}}
56	15	3	{{J1,D4},{J2,D6},{J3,D7}}	{{-J1+J2,D1},{-J1+J2,D2},{J1-J2+J3,D3},{J1,D4},{3*J1-2*J2+J3,D5},{J2,D6},{J3,D7}}	-2*J1^2-4*J2^2+5*J1*J3+3*J2*J3+3*J3^2	{{{1,0,-3},{0,0,0},{-3,0,9}},{{0,0,0},{0,0,3},{0,3,9}},{{-3,0,9},{0,3,9},{9,9,-6}}}
57	16	3	{{J1,D1},{J2,D6},{J3,D7}}	{{J1,D1},{-4*J1+J2-2*J3,D2},{2*J1+J3,D3},{3*J1+J3,D4},{-2*J1+J2-J3,D5},{J2,D6},{J3,D7}}	6*J1*J2+3*J2^2+3*J2*J3+2/3*J3^2	{{{0,-1,0},{-1,3,3},{0,3,0}},{{-1,3,3},{3,14,0},{3,0,-6}},{{0,3,0},{3,0,-6},{0,-6,0}}}
58	17	3	{{J1,D4},{J2,D6},{J3,D7}}	{{-J1+J3,D1},{-J1+J3,D2},{J1,D3},{J1,D4},{3*J1+J2-2*J3,D5},{J2,D6},{J3,D7}}	-2*J1^2+11*J1*J3+6*J2*J3-3*J3^2	{{{-1,3,0},{3,1,5},{0,5,2}},{{3,1,5},{1,-5,-1},{5,-1,7}},{{0,5,2},{5,-1,7},{2,7,4}}}
59	18	3	{{J1,D5},{J2,D6},{J3,D7}}	{{J2,D1},{-J1+2*J2+J3,D2},{J1,D3},{J1,D4},{J1,D5},{J2,D6},{J3,D7}}	10*J1*J2+16*J2*J3+6*J3^2	{{{0,2,0},{2,0,4},{0,4,-8}},{{2,0,4},{0,0,0},{4,0,4}},{{0,4,-8},{4,0,4},{-8,4,-16}}}
60	19	3	{{J1,D5},{J2,D6},{J3,D7}}	{{-2*J1+J3,D1},{J2-J3,D2},{J1+J2-J3,D3},{J1-2*J2+2*J3,D4},{J1,D5},{J2,D6},{J3,D7}}	-3*J1^2+2*J1*J2-3*J2^2+8*J2*J3-1/2*J3^2	{{{0,2,2},{2,6,5},{2,5,4}},{{2,6,5},{6,13,12},{5,12,10}},{{2,5,4},{5,12,10},{4,10,8}}}
61	20	3	{{J1,D5},{J2,D6},{J3,D7}}	{{2*J1-2*J2+J3,D1},{-J1+J3,D2},{-J1+J2,D3},{-J1+J2,D4},{J1,D5},{J2,D6},{J3,D7}}	-3*J2^2+J1*J3+5*J2*J3+3*J3^2	{{{1,0,-2},{0,0,0},{-2,0,4}},{{0,0,0},{0,0,3},{0,3,7}},{{-2,0,4},{0,3,7},{4,7,6}}}
62	21	3	{{J1,D3},{J2,D6},{J3,D7}}	{{-J1+J2-J3,D1},{2*J1-J2+J3,D2},{J1,D3},{2*J1-J2+J3,D4},{4*J1-3*J2+2*J3,D5},{J2,D6},{J3,D7}}	12*J1*J2-2*J2^2+4*J3^2	{{{3,5,2},{5,5,0},{2,0,-2}},{{5,5,0},{5,4,0},{0,0,0}},{{2,0,-2},{0,0,0},{-2,0,0}}}
63	22	3	{{J1,D4},{J2,D5},{J3,D7}}	{{-J1+J2+J3,D1},{-J1+J2+J3,D2},{-J1+J2+J3,D3},{J1,D4},{J2,D5},{-2*J1+2*J2+J3,D6},{J3,D7}}	4*J1^2+18*J2*J3+10*J3^2	{{{2,0,0},{0,0,0},{0,0,0}},{{0,0,0},{0,2,-4},{0,-4,8}},{{0,0,0},{0,-4,8},{0,8,-11}}}
64	23	3	{{J1,D4},{J2,D6},{J3,D7}}	{{-J1+J3,D1},{-J1+J2,D2},{J1,D3},{J1,D4},{3*J1-J2-J3,D5},{J2,D6},{J3,D7}}	-2*J1^2+6*J2^2+6*J3^2	{{{2,3,3},{3,3,5},{3,5,3}},{{3,3,5},{3,3,5},{5,5,5}},{{3,5,3},{5,5,5},{3,5,3}}}
65	24	3	{{J1,D1},{J2,D6},{J3,D7}}	{{J1,D1},{2*J1+J2,D2},{3*J1+2*J2+J3,D3},{3*J1+2*J2+J3,D4},{3*J1+2*J2+J3,D5},{J2,D6},{J3,D7}}	J2^2+26*J2*J3+6*J3^2	{{{2,-4,0},{-4,8,0},{0,0,0}},{{-4,8,0},{8,-16,0},{0,0,4}},{{0,0,0},{0,0,4},{0,4,-16}}}
66	25	3	{{J1,D4},{J2,D6},{J3,D7}}	{{-J1+J2-J3,D1},{2*J1-J2+J3,D2},{-2*J1+2*J2-J3,D3},{J1,D4},{J2,D5},{J2,D6},{J3,D7}}	4*J2^2+5*J2*J3-3*J3^2	{{{0,0,0},{0,4,4},{0,4,4}},{{0,4,4},{4,6,0},{4,0,-8}},{{0,4,4},{4,0,-8},{4,-8,-16}}}
66	25	3	{{J1,D4},{J2,D6},{J3,D7}}	{{-J1+J2-J3,D1},{2*J1-J2+J3,D2},{-2*J1+2*J2-J3,D3},{J1,D4},{J2,D5},{J2,D6},{J3,D7}}	6*J2^2+2*J2*J3-3/2*J3^2	{{{-4,0,4},{0,4,4},{4,4,0}},{{0,4,4},{4,6,0},{4,0,-8}},{{4,4,0},{4,0,-8},{0,-8,-16}}}
66	25	3	{{J1,D4},{J2,D6},{J3,D7}}	{{-J1+J2-J3,D1},{2*J1-J2+J3,D2},{-2*J1+2*J2-J3,D3},{J1,D4},{J2,D5},{J2,D6},{J3,D7}}	4*J1*J3+10*J2*J3-4*J3^2	{{{0,0,0},{0,4,4},{0,4,4}},{{0,4,4},{4,6,0},{4,0,-8}},{{0,4,4},{4,0,-8},{4,-8,-20}}}
67	26	3	{{J1,D4},{J2,D6},{J3,D7}}	{{-J1+J2+J3,D1},{J1-J2,D2},{J1-J3,D3},{J1,D4},{2*J1-J2-J3,D5},{J2,D6},{J3,D7}}	4*J1^2+2*J2^2+6*J2*J3	{{{6,4,4},{4,0,4},{4,4,0}},{{4,0,4},{0,-4,4},{4,4,0}},{{4,4,0},{4,4,0},{0,0,0}}}
67	26	3	{{J1,D4},{J2,D6},{J3,D7}}	{{-J1+J2+J3,D1},{J1-J2,D2},{J1-J3,D3},{J1,D4},{2*J1-J2-J3,D5},{J2,D6},{J3,D7}}	4*J1^2+6*J2*J3+2*J3^2	{{{6,4,4},{4,0,4},{4,4,0}},{{4,0,4},{0,0,0},{4,0,4}},{{4,4,0},{4,0,4},{0,4,-4}}}
67	26	3	{{J1,D4},{J2,D6},{J3,D7}}	{{-J1+J2+J3,D1},{J1-J2,D2},{J1-J3,D3},{J1,D4},{2*J1-J2-J3,D5},{J2,D6},{J3,D7}}	10*J1*J2-4*J2^2+2*J2*J3	{{{6,4,4},{4,0,4},{4,4,0}},{{4,0,4},{0,-8,4},{4,4,0}},{{4,4,0},{4,4,0},{0,0,0}}}
67	26	3	{{J1,D4},{J2,D6},{J3,D7}}	{{-J1+J2+J3,D1},{J1-J2,D2},{J1-J3,D3},{J1,D4},{2*J1-J2-J3,D5},{J2,D6},{J3,D7}}	J2^2+12*J2*J3-7*J3^2	{{{6,4,4},{4,0,4},{4,4,0}},{{4,0,4},{0,-8,4},{4,4,0}},{{4,4,0},{4,4,0},{0,0,-4}}}
67	26	3	{{J1,D4},{J2,D6},{J3,D7}}	{{-J1+J2+J3,D1},{J1-J2,D2},{J1-J3,D3},{J1,D4},{2*J1-J2-J3,D5},{J2,D6},{J3,D7}}	10*J1*J3+2*J2*J3-4*J3^2	{{{6,4,4},{4,0,4},{4,4,0}},{{4,0,4},{0,0,0},{4,0,4}},{{4,4,0},{4,0,4},{0,4,-8}}}
67	26	3	{{J1,D4},{J2,D6},{J3,D7}}	{{-J1+J2+J3,D1},{J1-J2,D2},{J1-J3,D3},{J1,D4},{2*J1-J2-J3,D5},{J2,D6},{J3,D7}}	14*J1*J3-2*J2*J3-6*J3^2	{{{6,4,4},{4,0,4},{4,4,0}},{{4,0,4},{0,-4,0},{4,0,4}},{{4,4,0},{4,0,4},{0,4,-8}}}
68	27	3	{{J1,D5},{J2,D6},{J3,D7}}	{{-J1+J2,D1},{J1,D2},{J1,D3},{-2*J1+2*J2+J3,D4},{J1,D5},{J2,D6},{J3,D7}}	-4*J1^2+10*J2^2+8*J2*J3+2*J3^2	{{{0,2,0},{2,2,4},{0,4,-8}},{{2,2,4},{2,2,4},{4,4,0}},{{0,4,-8},{4,4,0},{-8,0,-16}}}
69	28	3	{{J1,D3},{J2,D6},{J3,D7}}	{{-J1+J2-J3,D1},{-2*J1+2*J2-J3,D2},{J1,D3},{4*J1-3*J2+2*J3,D4},{2*J1-J2+J3,D5},{J2,D6},{J3,D7}}	14*J1*J2-8*J2^2+10*J2*J3-2*J3^2	{{{3,6,3},{6,10,4},{3,4,1}},{{6,10,4},{10,12,0},{4,0,-8}},{{3,4,1},{4,0,-8},{1,-8,-16}}}
70	29	3	{{J1,D2},{J2,D5},{J3,D7}}	{{J1,D1},{J1,D2},{2*J1-J2+J3,D3},{J2,D4},{J2,D5},{2*J1+J3,D6},{J3,D7}}	8*J1*J2+14*J1*J3+4*J2*J3+3*J3^2	{{{0,0,0},{0,0,3},{0,3,4}},{{0,0,3},{0,0,0},{3,0,-6}},{{0,3,4},{3,0,-6},{4,-6,-16}}}
71	30	3	{{J1,D2},{J2,D6},{J3,D7}}	{{-J1+J2-J3,D1},{J1,D2},{J2,D3},{J2,D4},{2*J1+J3,D5},{J2,D6},{J3,D7}}	6*J2^2+5*J2*J3-3*J3^2	{{{2,-2,-4},{-2,2,4},{-4,4,8}},{{-2,2,4},{2,3,0},{4,0,-8}},{{-4,4,8},{4,0,-8},{8,-8,-16}}}
72	31	3	{{J1,D5},{J2,D6},{J3,D7}}	{{-J1+J2-J3,D1},{-2*J1+2*J2-J3,D2},{2*J1-J2+J3,D3},{2*J1-J2+J3,D4},{J1,D5},{J2,D6},{J3,D7}}	8*J1*J2-2*J2^2+7*J2*J3-2*J3^2	{{{0,3,3},{3,7,4},{3,4,1}},{{3,7,4},{7,9,0},{4,0,-8}},{{3,4,1},{4,0,-8},{1,-8,-16}}}
73	32	3	{{J1,D4},{J2,D6},{J3,D7}}	{{-J1+J2+J3,D1},{J1-J2,D2},{J1,D3},{J1,D4},{2*J1-J2-J3,D5},{J2,D6},{J3,D7}}	4*J1^2+2*J2^2+9*J2*J3	{{{3,1,4},{1,-3,4},{4,4,0}},{{1,-3,4},{-3,-7,4},{4,4,0}},{{4,4,0},{4,4,0},{0,0,0}}}
73	32	3	{{J1,D4},{J2,D6},{J3,D7}}	{{-J1+J2+J3,D1},{J1-J2,D2},{J1,D3},{J1,D4},{2*J1-J2-J3,D5},{J2,D6},{J3,D7}}	10*J1*J2-4*J2^2+5*J2*J3	{{{3,1,4},{1,-3,4},{4,4,0}},{{1,-3,4},{-3,-11,4},{4,4,0}},{{4,4,0},{4,4,0},{0,0,0}}}
74	33	3	{{J1,D4},{J2,D5},{J3,D7}}	{{-J1+J2-J3,D1},{2*J1-J2+J3,D2},{2*J1-J2+J3,D3},{J1,D4},{J2,D5},{4*J1-2*J2+2*J3,D6},{J3,D7}}	16*J1*J2-2*J2^2+4*J3^2	{{{1,3,2},{3,3,0},{2,0,-2}},{{3,3,0},{3,2,0},{0,0,0}},{{2,0,-2},{0,0,0},{-2,0,0}}}
75	34	3	{{J1,D5},{J2,D6},{J3,D7}}	{{-2*J1+J2+J3,D1},{3*J1-J2-J3,D2},{-J1+J3,D3},{-J1+J2,D4},{J1,D5},{J2,D6},{J3,D7}}	10/3*J1*J2+2*J2*J3+10/3*J3^2	{{{2,3,3},{3,3,6},{3,6,3}},{{3,3,6},{3,-1,10},{6,10,6}},{{3,6,3},{6,10,6},{3,6,3}}}
75	34	3	{{J1,D5},{J2,D6},{J3,D7}}	{{-2*J1+J2+J3,D1},{3*J1-J2-J3,D2},{-J1+J3,D3},{-J1+J2,D4},{J1,D5},{J2,D6},{J3,D7}}	10/3*J2^2+10/3*J1*J3+2*J2*J3	{{{2,3,3},{3,3,6},{3,6,3}},{{3,3,6},{3,3,6},{6,6,10}},{{3,6,3},{6,6,10},{3,10,-1}}}
76	35	3	{{J1,D5},{J2,D6},{J3,D7}}	{{-J1+J2+J3,D1},{J1,D2},{J3,D3},{J2,D4},{J1,D5},{J2,D6},{J3,D7}}	4*J1*J2+3*J2^2+4*J1*J3+8*J2*J3	{{{0,0,0},{0,0,3},{0,3,0}},{{0,0,3},{0,-4,4},{3,4,0}},{{0,3,0},{3,4,0},{0,0,0}}}
76	35	3	{{J1,D5},{J2,D6},{J3,D7}}	{{-J1+J2+J3,D1},{J1,D2},{J3,D3},{J2,D4},{J1,D5},{J2,D6},{J3,D7}}	4*J1*J2+4*J1*J3+8*J2*J3+3*J3^2	{{{0,0,0},{0,0,3},{0,3,0}},{{0,0,3},{0,0,0},{3,0,4}},{{0,3,0},{3,0,4},{0,4,-4}}}
77	36	3	{{J1,D4},{J2,D5},{J3,D7}}	{{-J1+J2,D1},{J1-J2+J3,D2},{J1-J2+J3,D3},{J1,D4},{J2,D5},{2*J1-2*J2+J3,D6},{J3,D7}}	4*J1^2-2*J2^2+8*J2*J3+6*J3^2	{{{-2,0,0},{0,0,0},{0,0,4}},{{0,0,0},{0,-1,0},{0,0,4}},{{0,0,4},{0,0,4},{4,4,2}}}
77	36	3	{{J1,D4},{J2,D5},{J3,D7}}	{{-J1+J2,D1},{J1-J2+J3,D2},{J1-J2+J3,D3},{J1,D4},{J2,D5},{2*J1-2*J2+J3,D6},{J3,D7}}	-2*J2^2+10*J1*J3-4*J2*J3+6*J3^2	{{{2,0,-4},{0,0,0},{-4,0,8}},{{0,0,0},{0,-1,0},{0,0,4}},{{-4,0,8},{0,0,4},{8,4,-2}}}
78	37	3	{{J1,D5},{J2,D6},{J3,D7}}	{{J2-J3,D1},{J1+J2-J3,D2},{-J1-2*J2+3*J3,D3},{J3,D4},{J1,D5},{J2,D6},{J3,D7}}	-J1*J2+6*J1*J3+8*J2*J3-2*J3^2	{{{-2,0,-2},{0,4,4},{-2,4,2}},{{0,4,4},{4,5,5},{4,5,5}},{{-2,4,2},{4,5,5},{2,5,4}}}
78	37	3	{{J1,D5},{J2,D6},{J3,D7}}	{{J2-J3,D1},{J1+J2-J3,D2},{-J1-2*J2+3*J3,D3},{J3,D4},{J1,D5},{J2,D6},{J3,D7}}	-3*J2^2+4*J1*J3+11*J2*J3-2*J3^2	{{{2,-4,-2},{-4,8,4},{-2,4,2}},{{-4,8,4},{8,1,5},{4,5,5}},{{-2,4,2},{4,5,5},{2,5,4}}}
79	38	3	{{J1,D4},{J2,D6},{J3,D7}}	{{-J1+J2,D1},{-J1+J2,D2},{J1-J2+J3,D3},{J1,D4},{2*J1-J2+J3,D5},{J2,D6},{J3,D7}}	-2*J1^2+7*J1*J2-2*J2^2+8*J2*J3	{{{-3,-4,1},{-4,-4,4},{1,4,3}},{{-4,-4,4},{-4,-4,7},{4,7,3}},{{1,4,3},{4,7,3},{3,3,0}}}
79	38	3	{{J1,D4},{J2,D6},{J3,D7}}	{{-J1+J2,D1},{-J1+J2,D2},{J1-J2+J3,D3},{J1,D4},{2*J1-J2+J3,D5},{J2,D6},{J3,D7}}	-2*J1^2-2*J2^2+3*J1*J3+5*J2*J3+3*J3^2	{{{1,0,-3},{0,0,0},{-3,0,7}},{{0,0,0},{0,0,3},{0,3,7}},{{-3,0,7},{0,3,7},{7,7,-4}}}
80	39	3	{{J1,D4},{J2,D6},{J3,D7}}	{{J1,D1},{-J1+J3,D2},{-J1+J2,D3},{J1,D4},{2*J1,D5},{J2,D6},{J3,D7}}	-2*J1^2+6*J2^2+4*J2*J3+6*J3^2	{{{0,1,1},{1,1,3},{1,3,1}},{{1,1,3},{1,1,3},{3,3,3}},{{1,3,1},{3,3,3},{1,3,1}}}
81	40	3	{{J1,D5},{J2,D6},{J3,D7}}	{{-J1-J2+2*J3,D1},{-J1+J3,D2},{J1+J2-J3,D3},{J1+J2-J3,D4},{J1,D5},{J2,D6},{J3,D7}}	-2*J1^2+7*J1*J3+7*J2*J3-2*J3^2	{{{-10,5,-3},{5,3,5},{-3,5,1}},{{5,3,5},{3,0,3},{5,3,5}},{{-3,5,1},{5,3,5},{1,5,3}}}
82	41	3	{{J1,D5},{J2,D6},{J3,D7}}	{{-J1+J3,D1},{-J1+J3,D2},{2*J1+J2-J3,D3},{J1,D4},{J1,D5},{J2,D6},{J3,D7}}	-2*J1^2+8*J1*J3+6*J2*J3	{{{-1,2,0},{2,0,4},{0,4,2}},{{2,0,4},{0,-2,-2},{4,-2,6}},{{0,4,2},{4,-2,6},{2,6,4}}}
83	42	3	{{J1,D5},{J2,D6},{J3,D7}}	{{-2*J1+J2+J3,D1},{J1,D2},{J1,D3},{J3,D4},{J1,D5},{J2,D6},{J3,D7}}	-3*J1^2+3*J2^2+5*J1*J3+7*J2*J3	{{{0,1,2},{1,-3,5},{2,5,0}},{{1,-3,5},{-3,-16,10},{5,10,0}},{{2,5,0},{5,10,0},{0,0,0}}}
84	43	3	{{J1,D5},{J2,D6},{J3,D7}}	{{-J1+J2+J3,D1},{J1,D2},{J1,D3},{J3,D4},{J1,D5},{J2,D6},{J3,D7}}	6*J2^2+7*J1*J3+10*J2*J3	{{{0,1,2},{1,-3,4},{2,4,0}},{{1,-3,4},{-3,-7,4},{4,4,0}},{{2,4,0},{4,4,0},{0,0,0}}}
85	44	3	{{J1,D5},{J2,D6},{J3,D7}}	{{-J1+J2,D1},{J1-J2+J3,D2},{J3,D3},{J2,D4},{J1,D5},{J2,D6},{J3,D7}}	3*J1*J2+3*J1*J3+7*J2*J3+3*J3^2	{{{-1,-2,-1},{-2,0,2},{-1,2,3}},{{-2,0,2},{0,0,3},{2,3,3}},{{-1,2,3},{2,3,3},{3,3,0}}}
86	45	3	{{J1,D5},{J2,D6},{J3,D7}}	{{J1-J2,D1},{J2,D2},{-J1+J2+J3,D3},{-J1+J2+J3,D4},{J1,D5},{J2,D6},{J3,D7}}	J1*J2+2*J2^2+9*J2*J3+3*J3^2	{{{0,0,3},{0,0,3},{3,3,3}},{{0,0,3},{0,-3,3},{3,3,3}},{{3,3,3},{3,3,3},{3,3,0}}}
86	45	3	{{J1,D5},{J2,D6},{J3,D7}}	{{J1-J2,D1},{J2,D2},{-J1+J2+J3,D3},{-J1+J2+J3,D4},{J1,D5},{J2,D6},{J3,D7}}	J1*J2+2*J1*J3+7*J2*J3+3*J3^2	{{{0,0,3},{0,0,3},{3,3,3}},{{0,0,3},{0,0,0},{3,0,6}},{{3,3,3},{3,0,6},{3,6,-3}}}
86	45	3	{{J1,D5},{J2,D6},{J3,D7}}	{{J1-J2,D1},{J2,D2},{-J1+J2+J3,D3},{-J1+J2+J3,D4},{J1,D5},{J2,D6},{J3,D7}}	-J1*J2+4*J2^2+9*J2*J3+5*J3^2	{{{-3,0,3},{0,0,3},{3,3,3}},{{0,0,3},{0,-3,3},{3,3,3}},{{3,3,3},{3,3,3},{3,3,0}}}
86	45	3	{{J1,D5},{J2,D6},{J3,D7}}	{{J1-J2,D1},{J2,D2},{-J1+J2+J3,D3},{-J1+J2+J3,D4},{J1,D5},{J2,D6},{J3,D7}}	-J1*J2-2*J1*J3+11*J2*J3+5*J3^2	{{{-3,0,3},{0,0,3},{3,3,3}},{{0,0,3},{0,0,0},{3,0,6}},{{3,3,3},{3,0,6},{3,6,-3}}}
87	46	3	{{J1,D5},{J2,D6},{J3,D7}}	{{-J2+J3,D1},{-J1+J3,D2},{J2,D3},{J1,D4},{J1,D5},{J2,D6},{J3,D7}}	J1*J2+4*J1*J3+4*J2*J3+3*J3^2	{{{0,0,0},{0,0,3},{0,3,4}},{{0,0,3},{0,0,0},{3,0,4}},{{0,3,4},{3,0,4},{4,4,5}}}
88	47	3	{{J1,D5},{J2,D6},{J3,D7}}	{{J1-J2,D1},{-J1+J2+J3,D2},{-J1+J2+J3,D3},{J1,D4},{J1,D5},{J2,D6},{J3,D7}}	-2*J1^2+5*J1*J2+9*J2*J3+3*J3^2	{{{0,0,3},{0,-2,3},{3,3,3}},{{0,-2,3},{-2,-7,3},{3,3,3}},{{3,3,3},{3,3,3},{3,3,0}}}
89	48	3	{{J1,D5},{J2,D6},{J3,D7}}	{{3*J1-2*J2+J3,D1},{-2*J1+J2,D2},{-J1+J2,D3},{-J1+J2,D4},{J1,D5},{J2,D6},{J3,D7}}	14/3*J1*J2-2*J2^2+38/3*J3^2	{{{-5,-6,3},{-6,-6,6},{3,6,3}},{{-6,-6,6},{-6,-4,12},{6,12,6}},{{3,6,3},{6,12,6},{3,6,3}}}
89	48	3	{{J1,D5},{J2,D6},{J3,D7}}	{{3*J1-2*J2+J3,D1},{-2*J1+J2,D2},{-J1+J2,D3},{-J1+J2,D4},{J1,D5},{J2,D6},{J3,D7}}	-2*J2^2+52/9*J2*J3+10/9*J3^2	{{{1,0,-3},{0,0,0},{-3,0,9}},{{0,0,0},{0,2,6},{0,6,12}},{{-3,0,9},{0,6,12},{9,12,-3}}}
90	49	3	{{J1,D3},{J2,D5},{J3,D7}}	{{-J1+J2-J3,D1},{-2*J1+J2-J3,D2},{J1,D3},{J2,D4},{J2,D5},{-2*J1+2*J2-J3,D6},{J3,D7}}	-14*J1*J2+14*J2^2-8*J2*J3	{{{0,-2,-2},{-2,0,2},{-2,2,4}},{{-2,0,2},{0,3,0},{2,0,-4}},{{-2,2,4},{2,0,-4},{4,-4,-8}}}
91	50	3	{{J1,D5},{J2,D6},{J3,D7}}	{{J1-J2,D1},{-J1+J2+J3,D2},{J2,D3},{J1,D4},{J1,D5},{J2,D6},{J3,D7}}	6*J1*J2+8*J2*J3	{{{2,2,4},{2,0,4},{4,4,0}},{{2,0,4},{0,-4,4},{4,4,0}},{{4,4,0},{4,4,0},{0,0,0}}}
91	50	3	{{J1,D5},{J2,D6},{J3,D7}}	{{J1-J2,D1},{-J1+J2+J3,D2},{J2,D3},{J1,D4},{J1,D5},{J2,D6},{J3,D7}}	6*J1*J2+8*J2*J3+6*J3^2	{{{2,2,4},{2,0,4},{4,4,0}},{{2,0,4},{0,0,0},{4,0,4}},{{4,4,0},{4,0,4},{0,4,-4}}}
92	51	3	{{J1,D5},{J2,D6},{J3,D7}}	{{2*J1+J2-J3,D1},{-J1+J3,D2},{-J1+J3,D3},{-J1+J3,D4},{J1,D5},{J2,D6},{J3,D7}}	J2^2+7*J2*J3+2*J3^2	{{{2,-4,0},{-4,8,0},{0,0,0}},{{-4,8,0},{8,-11,5},{0,5,5}},{{0,0,0},{0,5,5},{0,5,2}}}
93	52	3	{{J1,D5},{J2,D6},{J3,D7}}	{{-J2+J3,D1},{J1+J2-J3,D2},{-J1+J3,D3},{-J1+J2,D4},{J1,D5},{J2,D6},{J3,D7}}	2*J1*J2+6*J2*J3	{{{-1,1,0},{1,3,4},{0,4,4}},{{1,3,4},{3,3,6},{4,6,8}},{{0,4,4},{4,6,8},{4,8,8}}}
93	52	3	{{J1,D5},{J2,D6},{J3,D7}}	{{-J2+J3,D1},{J1+J2-J3,D2},{-J1+J3,D3},{-J1+J2,D4},{J1,D5},{J2,D6},{J3,D7}}	-2*J1*J2+8*J2*J3	{{{-3,1,0},{1,3,4},{0,4,4}},{{1,3,4},{3,3,6},{4,6,8}},{{0,4,4},{4,6,8},{4,8,8}}}
94	53	3	{{J1,D4},{J2,D6},{J3,D7}}	{{-J1+J3,D1},{-J1+J2,D2},{J1,D3},{J1,D4},{2*J1-J2,D5},{J2,D6},{J3,D7}}	-2*J1^2+4*J2^2+2*J2*J3+6*J3^2	{{{1,2,3},{2,2,5},{3,5,3}},{{2,2,5},{2,2,5},{5,5,5}},{{3,5,3},{5,5,5},{3,5,3}}}
95	54	3	{{J1,D5},{J2,D6},{J3,D7}}	{{-J2+J3,D1},{-J1+J3,D2},{J1+J2-J3,D3},{J2,D4},{J1,D5},{J2,D6},{J3,D7}}	2*J1*J2+3*J1*J3+6*J2*J3	{{{-1,1,0},{1,3,4},{0,4,4}},{{1,3,4},{3,0,3},{4,3,5}},{{0,4,4},{4,3,5},{4,5,5}}}
96	55	3	{{J1,D1},{J2,D6},{J3,D7}}	{{J1,D1},{3*J1+2*J2+J3,D2},{3*J1+2*J2+J3,D3},{3*J1+2*J2+J3,D4},{5*J1+3*J2+J3,D5},{J2,D6},{J3,D7}}	-6/25*J2^2+698/25*J2*J3+10*J3^2	{{{9,-15,0},{-15,25,0},{0,0,0}},{{-15,25,0},{25,-40,-5},{0,-5,15}},{{0,0,0},{0,-5,15},{0,15,-40}}}
97	56	3	{{J1,D2},{J2,D6},{J3,D7}}	{{J1,D1},{J1,D2},{2*J1+J2,D3},{4*J1+2*J2+J3,D4},{8*J1+4*J2+2*J3,D5},{J2,D6},{J3,D7}}	-22*J2^2+44*J1*J3+22*J2*J3+5*J3^2	{{{0,0,0},{0,0,1},{0,1,-2}},{{0,0,1},{0,0,-2},{1,-2,0}},{{0,1,-2},{1,-2,0},{-2,0,8}}}
98	57	3	{{J1,D3},{J2,D4},{J3,D7}}	{{J2,D1},{J1,D2},{J1,D3},{J2,D4},{2*J1+2*J2+J3,D5},{4*J1+4*J2+2*J3,D6},{J3,D7}}	44*J1*J2+22*J1*J3+22*J2*J3+5*J3^2	{{{0,0,0},{0,0,1},{0,1,-2}},{{0,0,1},{0,0,0},{1,0,-2}},{{0,1,-2},{1,0,-2},{-2,-2,8}}}
99	58	3	{{J1,D5},{J2,D6},{J3,D7}}	{{-3*J1+2*J2+J3,D1},{2*J1-J2-J3,D2},{J1,D3},{J1,D4},{J1,D5},{J2,D6},{J3,D7}}	-6*J1^2+44/3*J2*J3+4/3*J3^2	{{{3,5,0},{5,5,5},{0,5,-10}},{{5,5,5},{5,5,5},{5,5,5}},{{0,5,-10},{5,5,5},{-10,5,-40}}}
100	59	3	{{J1,D2},{J2,D5},{J3,D7}}	{{J1,D1},{J1,D2},{J2,D3},{2*J1+J3,D4},{J2,D5},{2*J1+J3,D6},{J3,D7}}	12*J1*J2+14*J1*J3+6*J2*J3+3*J3^2	{{{0,0,0},{0,0,3},{0,3,2}},{{0,0,3},{0,0,0},{3,0,-6}},{{0,3,2},{3,0,-6},{2,-6,-8}}}
101	60	3	{{J1,D5},{J2,D6},{J3,D7}}	{{-J1+J2-J3,D1},{2*J1-J2+J3,D2},{J2,D3},{J2,D4},{J1,D5},{J2,D6},{J3,D7}}	2*J2^2+9*J2*J3-5*J3^2	{{{0,0,0},{0,4,4},{0,4,4}},{{0,4,4},{4,5,0},{4,0,-8}},{{0,4,4},{4,0,-8},{4,-8,-16}}}
102	61	3	{{J1,D1},{J2,D5},{J3,D7}}	{{J1,D1},{-2*J1+J2-J3,D2},{3*J1-J2+J3,D3},{2*J1+J3,D4},{J2,D5},{2*J1+J3,D6},{J3,D7}}	17/3*J2^2+20/3*J1*J3-5/3*J2*J3+2*J3^2	{{{-1,0,3},{0,4,4},{3,4,-5}},{{0,4,4},{4,8,0},{4,0,-8}},{{3,4,-5},{4,0,-8},{-5,-8,8}}}
103	62	3	{{J1,D2},{J2,D6},{J3,D7}}	{{-J1+J2-J3,D1},{J1,D2},{2*J1-J2+J3,D3},{J2,D4},{2*J1-J2+J3,D5},{J2,D6},{J3,D7}}	12*J1*J2-2*J2^2+5*J2*J3	{{{0,3,3},{3,5,2},{3,2,-1}},{{3,5,2},{5,5,0},{2,0,-4}},{{3,2,-1},{2,0,-4},{-1,-4,-8}}}
104	63	3	{{J1,D2},{J2,D6},{J3,D7}}	{{J1,D1},{J1,D2},{J2,D3},{J2,D4},{2*J1+J3,D5},{J2,D6},{J3,D7}}	12*J1*J2+3*J2^2+6*J2*J3-2*J3^2	{{{0,0,0},{0,2,3},{0,3,0}},{{0,2,3},{2,0,0},{3,0,-6}},{{0,3,0},{3,0,-6},{0,-6,0}}}
105	64	3	{{J1,D5},{J2,D6},{J3,D7}}	{{-J1+J3,D1},{-J2+J3,D2},{J1+J2-J3,D3},{J3,D4},{J1,D5},{J2,D6},{J3,D7}}	4*J1*J3+6*J2*J3+2*J3^2	{{{-4,4,0},{4,0,4},{0,4,4}},{{4,0,4},{0,0,0},{4,0,4}},{{0,4,4},{4,0,4},{4,4,5}}}
105	64	3	{{J1,D5},{J2,D6},{J3,D7}}	{{-J1+J3,D1},{-J2+J3,D2},{J1+J2-J3,D3},{J3,D4},{J1,D5},{J2,D6},{J3,D7}}	6*J1*J3+4*J2*J3+2*J3^2	{{{0,0,0},{0,4,4},{0,4,4}},{{0,4,4},{4,-4,0},{4,0,4}},{{0,4,4},{4,0,4},{4,4,5}}}
106	65	3	{{J1,D5},{J2,D6},{J3,D7}}	{{-J2+J3,D1},{J1-J2+J3,D2},{-J1+J2,D3},{-J1+J2,D4},{J1,D5},{J2,D6},{J3,D7}}	-2*J2^2+J1*J3+5*J2*J3+3*J3^2	{{{3,0,-3},{0,0,0},{-3,0,3}},{{0,0,0},{0,0,3},{0,3,7}},{{-3,0,3},{0,3,7},{3,7,8}}}
106	65	3	{{J1,D5},{J2,D6},{J3,D7}}	{{-J2+J3,D1},{J1-J2+J3,D2},{-J1+J2,D3},{-J1+J2,D4},{J1,D5},{J2,D6},{J3,D7}}	-J1*J3+5*J2*J3+3*J3^2	{{{0,0,-3},{0,0,0},{-3,0,3}},{{0,0,0},{0,0,3},{0,3,7}},{{-3,0,3},{0,3,7},{3,7,8}}}
107	66	3	{{J1,D4},{J2,D6},{J3,D7}}	{{J1,D1},{-J1+J3,D2},{-J1+J3,D3},{J1,D4},{J2,D5},{J2,D6},{J3,D7}}	2*J1*J3+6*J2*J3+3*J3^2	{{{0,0,0},{0,0,3},{0,3,2}},{{0,0,3},{0,0,0},{3,0,6}},{{0,3,2},{3,0,6},{2,6,4}}}
107	66	3	{{J1,D4},{J2,D6},{J3,D7}}	{{J1,D1},{-J1+J3,D2},{-J1+J3,D3},{J1,D4},{J2,D5},{J2,D6},{J3,D7}}	-2*J1*J3+6*J2*J3+5*J3^2	{{{-2,0,0},{0,0,3},{0,3,2}},{{0,0,3},{0,0,0},{3,0,6}},{{0,3,2},{3,0,6},{2,6,4}}}
108	67	3	{{J1,D4},{J2,D6},{J3,D7}}	{{J1-J2+J3,D1},{-J1+J2,D2},{-J1+J2,D3},{J1,D4},{J3,D5},{J2,D6},{J3,D7}}	J1*J3+7*J2*J3+3*J3^2	{{{3,0,-3},{0,0,0},{-3,0,3}},{{0,0,0},{0,0,3},{0,3,5}},{{-3,0,3},{0,3,5},{3,5,2}}}
108	67	3	{{J1,D4},{J2,D6},{J3,D7}}	{{J1-J2+J3,D1},{-J1+J2,D2},{-J1+J2,D3},{J1,D4},{J3,D5},{J2,D6},{J3,D7}}	2*J2^2-J1*J3+7*J2*J3+3*J3^2	{{{0,0,-3},{0,0,0},{-3,0,3}},{{0,0,0},{0,0,3},{0,3,5}},{{-3,0,3},{0,3,5},{3,5,2}}}
109	68	3	{{J1,D5},{J2,D6},{J3,D7}}	{{J1-J2,D1},{J1-J3,D2},{-J1+J2+J3,D3},{-J1+J2+J3,D4},{J1,D5},{J2,D6},{J3,D7}}	-2*J1^2+5*J1*J2+7*J2*J3	{{{5,5,5},{5,3,5},{5,5,3}},{{5,3,5},{3,-2,5},{5,5,3}},{{5,5,3},{5,5,3},{3,3,0}}}
109	68	3	{{J1,D5},{J2,D6},{J3,D7}}	{{J1-J2,D1},{J1-J3,D2},{-J1+J2+J3,D3},{-J1+J2+J3,D4},{J1,D5},{J2,D6},{J3,D7}}	-2*J1^2+5*J1*J3+7*J2*J3	{{{5,5,5},{5,3,5},{5,5,3}},{{5,3,5},{3,0,3},{5,3,5}},{{5,5,3},{5,3,5},{3,5,-2}}}
110	69	3	{{J1,D5},{J2,D6},{J3,D7}}	{{-J1+J3,D1},{J1+J2-J3,D2},{J3,D3},{J3,D4},{J1,D5},{J2,D6},{J3,D7}}	4*J1*J3+9*J2*J3+2*J3^2	{{{-7,4,-3},{4,0,4},{-3,4,1}},{{4,0,4},{0,0,0},{4,0,4}},{{-3,4,1},{4,0,4},{1,4,2}}}
111	70	3	{{J1,D4},{J2,D6},{J3,D7}}	{{-J1+J2,D1},{-J1+J2,D2},{J1-J2+J3,D3},{J1,D4},{2*J1-J2,D5},{J2,D6},{J3,D7}}	-2*J1^2+7*J1*J2-2*J2^2+6*J2*J3-2*J3^2	{{{1,2,3},{2,4,6},{3,6,3}},{{2,4,6},{4,6,9},{6,9,3}},{{3,6,3},{6,9,3},{3,3,0}}}
112	71	3	{{J1,D5},{J2,D6},{J3,D7}}	{{-J1-J2+J3,D1},{-J2+J3,D2},{J1+2*J2-J3,D3},{J2,D4},{J1,D5},{J2,D6},{J3,D7}}	J1*J2-2*J2^2+3*J1*J3+8*J2*J3	{{{3,-3,-3},{-3,3,3},{-3,3,3}},{{-3,3,3},{3,0,3},{3,3,7}},{{-3,3,3},{3,3,7},{3,7,11}}}
113	72	3	{{J1,D5},{J2,D6},{J3,D7}}	{{2*J1-J2-J3,D1},{-J1+J3,D2},{J1,D3},{-3*J1+J2+2*J3,D4},{J1,D5},{J2,D6},{J3,D7}}	-8*J1^2+2/3*J2^2+9*J1*J3+10/3*J2*J3+J3^2	{{{3,0,6},{0,-2,1},{6,1,10}},{{0,-2,1},{-2,8,-7},{1,-7,5}},{{6,1,10},{1,-7,5},{10,5,14}}}
114	73	3	{{J1,D5},{J2,D6},{J3,D7}}	{{-J1+J2,D1},{J3,D2},{J3,D3},{J1,D4},{J1,D5},{J2,D6},{J3,D7}}	4*J2^2+3*J1*J3+6*J2*J3+3*J3^2	{{{0,0,0},{0,0,3},{0,3,2}},{{0,0,3},{0,0,3},{3,3,3}},{{0,3,2},{3,3,3},{2,3,0}}}
115	74	3	{{J1,D5},{J2,D6},{J3,D7}}	{{J1-J3,D1},{J3,D2},{J3,D3},{-J1+J2+J3,D4},{J1,D5},{J2,D6},{J3,D7}}	4*J2^2+4*J1*J3+8*J2*J3+2*J3^2	{{{2,4,2},{4,0,4},{2,4,2}},{{4,0,4},{0,-1,1},{4,1,3}},{{2,4,2},{4,1,3},{2,3,0}}}
116	75	3	{{J1,D5},{J2,D6},{J3,D7}}	{{J3,D1},{J3,D2},{J2,D3},{J1,D4},{J1,D5},{J2,D6},{J3,D7}}	4*J1*J2+6*J1*J3+6*J2*J3+3*J3^2	{{{0,0,0},{0,0,3},{0,3,2}},{{0,0,3},{0,0,0},{3,0,2}},{{0,3,2},{3,0,2},{2,2,0}}}
117	76	3	{{J1,D5},{J2,D6},{J3,D7}}	{{-J1+J3,D1},{J1,D2},{J2,D3},{J3,D4},{J1,D5},{J2,D6},{J3,D7}}	2*J1*J2+4*J1*J3+6*J2*J3+3*J3^2	{{{0,0,0},{0,0,3},{0,3,2}},{{0,0,3},{0,0,0},{3,0,4}},{{0,3,2},{3,0,4},{2,4,2}}}
118	77	3	{{J1,D5},{J2,D6},{J3,D7}}	{{-J2+J3,D1},{-J1+2*J2-J3,D2},{J1-J2+J3,D3},{J2,D4},{J1,D5},{J2,D6},{J3,D7}}	4*J1*J2-2*J2^2+J1*J3+8*J3^2	{{{-3,-3,0},{-3,1,4},{0,4,4}},{{-3,1,4},{1,3,5},{4,5,5}},{{0,4,4},{4,5,5},{4,5,5}}}
119	78	3	{{J1,D5},{J2,D6},{J3,D7}}	{{-J1+J3,D1},{-J1+J3,D2},{J1+J2-J3,D3},{J1,D4},{J1,D5},{J2,D6},{J3,D7}}	-2*J1^2+5*J1*J3+6*J2*J3	{{{-1,1,0},{1,3,4},{0,4,2}},{{1,3,4},{3,0,3},{4,3,7}},{{0,4,2},{4,3,7},{2,7,4}}}
120	79	3	{{J1,D5},{J2,D6},{J3,D7}}	{{J1-J2,D1},{J1-J2,D2},{-2*J1+2*J2+J3,D3},{J2,D4},{J1,D5},{J2,D6},{J3,D7}}	-3*J1^2+8*J1*J2-2*J2^2+6*J2*J3+3*J3^2	{{{4,2,8},{2,0,5},{8,5,6}},{{2,0,5},{0,-1,2},{5,2,6}},{{8,5,6},{5,2,6},{6,6,0}}}
121	80	3	{{J1,D5},{J2,D6},{J3,D7}}	{{-2*J1+2*J2-J3,D1},{J1-J2+J3,D2},{J1-J2+J3,D3},{J2,D4},{J1,D5},{J2,D6},{J3,D7}}	-3*J1^2+8*J1*J2-2*J2^2+6*J2*J3+J3^2	{{{-4,-2,0},{-2,0,3},{0,3,6}},{{-2,0,3},{0,3,6},{3,6,6}},{{0,3,6},{3,6,6},{6,6,0}}}
122	81	3	{{J1,D5},{J2,D6},{J3,D7}}	{{-2*J1+J2+J3,D1},{J1-J2,D2},{J1,D3},{J3,D4},{J1,D5},{J2,D6},{J3,D7}}	-3*J1^2+J2^2+5*J1*J3+4*J2*J3+3*J3^2	{{{0,0,3},{0,-2,2},{3,2,5}},{{0,-2,2},{-2,-3,-1},{2,-1,5}},{{3,2,5},{2,-1,5},{5,5,5}}}
123	82	3	{{J1,D1},{J2,D6},{J3,D7}}	{{J1,D1},{-2*J1+J2-J3,D2},{-2*J1+J2-J3,D3},{-2*J1+J2-J3,D4},{-5*J1+2*J2-3*J3,D5},{J2,D6},{J3,D7}}	14*J2^2+52/5*J1*J3+6*J3^2	{{{9,0,-15},{0,0,0},{-15,0,25}},{{0,0,0},{0,3,0},{0,0,0}},{{-15,0,25},{0,0,0},{25,0,-40}}}
124	83	3	{{J1,D5},{J2,D6},{J3,D7}}	{{3*J1-3*J2+J3,D1},{-J1+J2,D2},{-J1+J2,D3},{-2*J1+2*J2,D4},{J1,D5},{J2,D6},{J3,D7}}	-6*J2^2+20/3*J2*J3+10/9*J3^2	{{{1,0,-3},{0,0,0},{-3,0,9}},{{0,0,0},{0,1,4},{0,4,12}},{{-3,0,9},{0,4,12},{9,12,9}}}
125	84	3	{{J1,D5},{J2,D6},{J3,D7}}	{{J1-3*J2+J3,D1},{J2,D2},{J2,D3},{-J1+2*J2,D4},{J1,D5},{J2,D6},{J3,D7}}	4*J1*J2-6*J2^2+12*J3^2	{{{-21,-3,12},{-3,1,6},{12,6,6}},{{-3,1,6},{1,1,3},{6,3,3}},{{12,6,6},{6,3,3},{6,3,3}}}
126	85	3	{{J1,D5},{J2,D6},{J3,D7}}	{{-J2+J3,D1},{J1-J3,D2},{-J1+J2+J3,D3},{J2,D4},{J1,D5},{J2,D6},{J3,D7}}	3*J1*J2+3*J1*J3+4*J3^2	{{{5,5,5},{5,3,5},{5,5,5}},{{5,3,5},{3,0,3},{5,3,3}},{{5,5,5},{5,3,3},{5,3,3}}}
127	86	3	{{J1,D5},{J2,D6},{J3,D7}}	{{2*J1-J2,D1},{-J1+J2,D2},{-J1+J3,D3},{-J1+J2,D4},{J1,D5},{J2,D6},{J3,D7}}	2*J1*J2+4*J2*J3+2*J3^2	{{{1,2,3},{2,4,6},{3,6,3}},{{2,4,6},{4,6,10},{6,10,6}},{{3,6,3},{6,10,6},{3,6,3}}}
128	87	3	{{J1,D5},{J2,D6},{J3,D7}}	{{-J2+J3,D1},{J2,D2},{J2,D3},{J1,D4},{J1,D5},{J2,D6},{J3,D7}}	4*J1*J2+4*J1*J3+6*J3^2	{{{0,0,0},{0,2,4},{0,4,4}},{{0,2,4},{2,0,2},{4,2,2}},{{0,4,4},{4,2,2},{4,2,2}}}
129	88	3	{{J1,D4},{J2,D6},{J3,D7}}	{{J1-J2,D1},{-J1+J3,D2},{-J1+J3,D3},{J1,D4},{J2,D5},{J2,D6},{J3,D7}}	-J1*J2+2*J1*J3+3*J2*J3+3*J3^2	{{{0,0,3},{0,0,3},{3,3,7}},{{0,0,3},{0,0,0},{3,0,6}},{{3,3,7},{3,0,6},{7,6,11}}}
129	88	3	{{J1,D4},{J2,D6},{J3,D7}}	{{J1-J2,D1},{-J1+J3,D2},{-J1+J3,D3},{J1,D4},{J2,D5},{J2,D6},{J3,D7}}	J1*J2-2*J1*J3+3*J2*J3+5*J3^2	{{{-1,0,3},{0,0,3},{3,3,7}},{{0,0,3},{0,0,0},{3,0,6}},{{3,3,7},{3,0,6},{7,6,11}}}
130	89	3	{{J1,D5},{J2,D6},{J3,D7}}	{{-J1+J3,D1},{-J1-2*J2+2*J3,D2},{J1+J2-J3,D3},{J1+J2-J3,D4},{J1,D5},{J2,D6},{J3,D7}}	-2*J1^2-3*J2^2+7*J1*J3+5*J2*J3-2*J3^2	{{{-1,7,6},{7,3,7},{6,7,10}},{{7,3,7},{3,0,3},{7,3,7}},{{6,7,10},{7,3,7},{10,7,12}}}
130	89	3	{{J1,D5},{J2,D6},{J3,D7}}	{{-J1+J3,D1},{-J1-2*J2+2*J3,D2},{J1+J2-J3,D3},{J1+J2-J3,D4},{J1,D5},{J2,D6},{J3,D7}}	J1*J2-3*J2^2+3*J1*J3+8*J2*J3-2*J3^2	{{{0,6,6},{6,4,7},{6,7,10}},{{6,4,7},{4,-1,3},{7,3,7}},{{6,7,10},{7,3,7},{10,7,12}}}
131	90	3	{{J1,D5},{J2,D6},{J3,D7}}	{{-J2+J3,D1},{-J1+J2,D2},{J1,D3},{J3,D4},{J1,D5},{J2,D6},{J3,D7}}	J2^2+3*J1*J3+4*J2*J3+3*J3^2	{{{0,0,0},{0,0,3},{0,3,4}},{{0,0,3},{0,0,3},{3,3,5}},{{0,3,4},{3,3,5},{4,5,5}}}
132	91	3	{{J1,D2},{J2,D6},{J3,D7}}	{{J1-J2,D1},{J1,D2},{J2,D3},{J2,D4},{2*J1-J2+J3,D5},{J2,D6},{J3,D7}}	12*J1*J2-2*J2^2+6*J2*J3-2*J3^2	{{{2,2,3},{2,2,3},{3,3,-3}},{{2,2,3},{2,0,0},{3,0,-6}},{{3,3,-3},{3,0,-6},{-3,-6,0}}}
133	92	3	{{J1,D5},{J2,D6},{J3,D7}}	{{-2*J1+J2+J3,D1},{J1-J2,D2},{J2,D3},{J1,D4},{J1,D5},{J2,D6},{J3,D7}}	-3*J1^2+5*J1*J2+8*J3^2	{{{2,2,5},{2,0,5},{5,5,5}},{{2,0,5},{0,-5,5},{5,5,5}},{{5,5,5},{5,5,5},{5,5,5}}}
133	92	3	{{J1,D5},{J2,D6},{J3,D7}}	{{-2*J1+J2+J3,D1},{J1-J2,D2},{J2,D3},{J1,D4},{J1,D5},{J2,D6},{J3,D7}}	-3*J1^2+5*J1*J2+5*J2*J3+3*J3^2	{{{2,2,5},{2,0,5},{5,5,5}},{{2,0,5},{0,0,0},{5,0,10}},{{5,5,5},{5,0,10},{5,10,0}}}
134	93	3	{{J1,D5},{J2,D6},{J3,D7}}	{{-J1+J3,D1},{-J1+J2,D2},{J1,D3},{J1,D4},{J1,D5},{J2,D6},{J3,D7}}	-2*J1^2+4*J2^2+4*J2*J3+4*J3^2	{{{0,2,2},{2,2,5},{2,5,2}},{{2,2,5},{2,2,5},{5,5,5}},{{2,5,2},{5,5,5},{2,5,2}}}
135	94	3	{{J1,D5},{J2,D6},{J3,D7}}	{{-J2+J3,D1},{-J1+J2,D2},{J1,D3},{J2,D4},{J1,D5},{J2,D6},{J3,D7}}	3*J1*J2+2*J1*J3+6*J3^2	{{{0,0,0},{0,2,4},{0,4,4}},{{0,2,4},{2,2,5},{4,5,5}},{{0,4,4},{4,5,5},{4,5,5}}}
136	95	3	{{J1,D2},{J2,D5},{J3,D7}}	{{-J1+J2-J3,D1},{J1,D2},{2*J1-J2+J3,D3},{2*J1-J2+J3,D4},{J2,D5},{2*J1+J3,D6},{J3,D7}}	14*J2^2+2*J3^2	{{{0,3,3},{3,3,0},{3,0,-3}},{{3,3,0},{3,3,0},{0,0,0}},{{3,0,-3},{0,0,0},{-3,0,0}}}
136	95	3	{{J1,D2},{J2,D5},{J3,D7}}	{{-J1+J2-J3,D1},{J1,D2},{2*J1-J2+J3,D3},{2*J1-J2+J3,D4},{J2,D5},{2*J1+J3,D6},{J3,D7}}	16*J1*J2-J2*J3+4*J3^2	{{{0,3,3},{3,3,0},{3,0,-3}},{{3,3,0},{3,0,0},{0,0,0}},{{3,0,-3},{0,0,0},{-3,0,0}}}
137	96	3	{{J1,D2},{J2,D6},{J3,D7}}	{{J1,D1},{J1,D2},{-2*J1+J2-J3,D3},{-2*J1+J2-J3,D4},{2*J1+J3,D5},{J2,D6},{J3,D7}}	4*J1*J2+3*J2^2+2*J2*J3+J3^2	{{{0,0,0},{0,6,3},{0,3,0}},{{0,6,3},{6,18,0},{3,0,-6}},{{0,3,0},{3,0,-6},{0,-6,0}}}
138	97	3	{{J1,D2},{J2,D6},{J3,D7}}	{{J1,D1},{J1,D2},{-2*J1+J2-J3,D3},{2*J1+J3,D4},{2*J1+J3,D5},{J2,D6},{J3,D7}}	6*J2^2+2*J1*J3	{{{0,0,0},{0,4,4},{0,4,2}},{{0,4,4},{4,8,0},{4,0,-8}},{{0,4,2},{4,0,-8},{2,-8,-8}}}
139	98	3	{{J1,D4},{J2,D6},{J3,D7}}	{{J1+2*J2-J3,D1},{-J1-J2+J3,D2},{-J1-J2+J3,D3},{J1,D4},{-J2+J3,D5},{J2,D6},{J3,D7}}	-4*J2^2+J1*J3+5*J2*J3+2*J3^2	{{{3,-3,-3},{-3,3,3},{-3,3,3}},{{-3,3,3},{3,0,3},{3,3,9}},{{-3,3,3},{3,3,9},{3,9,18}}}
139	98	3	{{J1,D4},{J2,D6},{J3,D7}}	{{J1+2*J2-J3,D1},{-J1-J2+J3,D2},{-J1-J2+J3,D3},{J1,D4},{-J2+J3,D5},{J2,D6},{J3,D7}}	-2*J2^2-J1*J3+J2*J3+4*J3^2	{{{0,-3,-3},{-3,3,3},{-3,3,3}},{{-3,3,3},{3,0,3},{3,3,9}},{{-3,3,3},{3,3,9},{3,9,18}}}
140	99	3	{{J1,D3},{J2,D6},{J3,D7}}	{{-2*J1+J2-J3,D1},{J1,D2},{J1,D3},{J2,D4},{2*J1+J3,D5},{J2,D6},{J3,D7}}	8*J1*J2+3*J2^2+4*J2*J3	{{{0,0,0},{0,4,3},{0,3,0}},{{0,4,3},{4,8,0},{3,0,-6}},{{0,3,0},{3,0,-6},{0,-6,0}}}
141	100	3	{{J1,D5},{J2,D6},{J3,D7}}	{{J2,D1},{J1,D2},{-J1-J2+J3,D3},{-J1-J2+J3,D4},{J1,D5},{J2,D6},{J3,D7}}	-2*J1*J2+2*J1*J3+2*J2*J3+3*J3^2	{{{0,0,0},{0,0,3},{0,3,6}},{{0,0,3},{0,0,0},{3,0,6}},{{0,3,6},{3,0,6},{6,6,18}}}
142	101	3	{{J1,D5},{J2,D6},{J3,D7}}	{{-J2+J3,D1},{J1,D2},{-J1+J2,D3},{-J1+J2,D4},{J1,D5},{J2,D6},{J3,D7}}	2*J1*J2+6*J3^2	{{{0,0,0},{0,2,4},{0,4,4}},{{0,2,4},{2,4,8},{4,8,8}},{{0,4,4},{4,8,8},{4,8,8}}}
142	101	3	{{J1,D5},{J2,D6},{J3,D7}}	{{-J2+J3,D1},{J1,D2},{-J1+J2,D3},{-J1+J2,D4},{J1,D5},{J2,D6},{J3,D7}}	-2*J1*J2+2*J2^2+6*J3^2	{{{-2,0,0},{0,2,4},{0,4,4}},{{0,2,4},{2,4,8},{4,8,8}},{{0,4,4},{4,8,8},{4,8,8}}}
143	102	3	{{J1,D5},{J2,D6},{J3,D7}}	{{-2*J1+J3,D1},{-J2+J3,D2},{J1+J2-J3,D3},{J1,D4},{J1,D5},{J2,D6},{J3,D7}}	-3*J1^2+5*J1*J3+7/2*J2*J3	{{{0,3,3},{3,3,6},{3,6,7}},{{3,3,6},{3,3,6},{6,6,12}},{{3,6,7},{6,6,12},{7,12,14}}}
144	103	3	{{J1,D5},{J2,D6},{J3,D7}}	{{-J1+J3,D1},{-J1+J3,D2},{J1+J2-J3,D3},{J1-J2,D4},{J1,D5},{J2,D6},{J3,D7}}	-2*J1^2-2*J2^2+5*J1*J3+4*J2*J3	{{{3,3,6},{3,3,6},{6,6,10}},{{3,3,6},{3,0,3},{6,3,9}},{{6,6,10},{6,3,9},{10,9,14}}}
145	104	3	{{J1,D5},{J2,D6},{J3,D7}}	{{-J1+J3,D1},{J1-J2,D2},{J2,D3},{J2,D4},{J1,D5},{J2,D6},{J3,D7}}	2*J1*J2+4*J2*J3+4*J3^2	{{{2,2,5},{2,2,5},{5,5,5}},{{2,2,5},{2,0,3},{5,3,5}},{{5,5,5},{5,3,5},{5,5,5}}}
146	105	3	{{J1,D5},{J2,D6},{J3,D7}}	{{-J1-J2+J3,D1},{J2,D2},{J1,D3},{J3,D4},{J1,D5},{J2,D6},{J3,D7}}	4*J1*J3+4*J2*J3+3*J3^2	{{{0,0,0},{0,0,3},{0,3,4}},{{0,0,3},{0,0,0},{3,0,4}},{{0,3,4},{3,0,4},{4,4,8}}}
147	106	3	{{J1,D3},{J2,D4},{J3,D7}}	{{J1,D1},{J2,D2},{J1,D3},{J2,D4},{4*J2+2*J3,D5},{-2*J1+2*J2+J3,D6},{J3,D7}}	4*J1*J2+2*J1*J3+22*J2*J3+5*J3^2	{{{0,0,0},{0,0,2},{0,2,-4}},{{0,0,2},{0,0,0},{2,0,4}},{{0,2,-4},{2,0,4},{-4,4,-16}}}
148	107	3	{{J1,D5},{J2,D6},{J3,D7}}	{{J1-2*J2+J3,D1},{-J1+J2,D2},{J2,D3},{J2,D4},{J1,D5},{J2,D6},{J3,D7}}	3*J1*J2-2*J2^2+9*J3^2	{{{-11,-3,5},{-3,1,5},{5,5,5}},{{-3,1,5},{1,2,5},{5,5,5}},{{5,5,5},{5,5,5},{5,5,5}}}
149	108	3	{{J1,D5},{J2,D6},{J3,D7}}	{{-J1-J2+J3,D1},{J2,D2},{J2,D3},{J1,D4},{J1,D5},{J2,D6},{J3,D7}}	J1*J2+2*J2*J3+4*J3^2	{{{0,0,0},{0,2,4},{0,4,4}},{{0,2,4},{2,0,3},{4,3,7}},{{0,4,4},{4,3,7},{4,7,11}}}
150	109	3	{{J1,D5},{J2,D6},{J3,D7}}	{{-2*J1+J3,D1},{J1,D2},{J1,D3},{J2,D4},{J1,D5},{J2,D6},{J3,D7}}	-3*J1^2+2*J1*J2+4*J2*J3+3*J3^2	{{{0,2,2},{2,0,5},{2,5,4}},{{2,0,5},{0,0,0},{5,0,10}},{{2,5,4},{5,0,10},{4,10,8}}}
151	110	3	{{J1,D4},{J2,D6},{J3,D7}}	{{J1-2*J2+J3,D1},{-J1+J2,D2},{-J1+J2,D3},{J1,D4},{J3,D5},{J2,D6},{J3,D7}}	-3*J2^2+J1*J3+5*J2*J3+3*J3^2	{{{3,0,-3},{0,0,0},{-3,0,3}},{{0,0,0},{0,0,3},{0,3,7}},{{-3,0,3},{0,3,7},{3,7,11}}}
151	110	3	{{J1,D4},{J2,D6},{J3,D7}}	{{J1-2*J2+J3,D1},{-J1+J2,D2},{-J1+J2,D3},{J1,D4},{J3,D5},{J2,D6},{J3,D7}}	-J2^2-J1*J3+5*J2*J3+3*J3^2	{{{0,0,-3},{0,0,0},{-3,0,3}},{{0,0,0},{0,0,3},{0,3,7}},{{-3,0,3},{0,3,7},{3,7,11}}}
152	111	3	{{J1,D5},{J2,D6},{J3,D7}}	{{-J1+J3,D1},{J2-J3,D2},{J2-J3,D3},{J1-2*J2+2*J3,D4},{J1,D5},{J2,D6},{J3,D7}}	J1*J2-3*J2^2+8*J2*J3+J3^2	{{{0,6,6},{6,12,9},{6,9,6}},{{6,12,9},{12,17,13},{9,13,9}},{{6,9,6},{9,13,9},{6,9,6}}}
153	112	3	{{J1,D5},{J2,D6},{J3,D7}}	{{J1-2*J2,D1},{-J1+J2+J3,D2},{J2,D3},{J2,D4},{J1,D5},{J2,D6},{J3,D7}}	3*J1*J2-2*J2^2+10*J3^2	{{{8,4,12},{4,2,6},{12,6,6}},{{4,2,6},{2,0,3},{6,3,3}},{{12,6,6},{6,3,3},{6,3,3}}}
154	113	3	{{J1,D4},{J2,D6},{J3,D7}}	{{J1-2*J2+J3,D1},{-J1+J2,D2},{-J1+J2,D3},{J1,D4},{J2,D5},{J2,D6},{J3,D7}}	-2*J2^2+8*J2*J3	{{{-2,-2,-2},{-2,0,2},{-2,2,6}},{{-2,0,2},{0,2,6},{2,6,10}},{{-2,2,6},{2,6,10},{6,10,14}}}
154	113	3	{{J1,D4},{J2,D6},{J3,D7}}	{{J1-2*J2+J3,D1},{-J1+J2,D2},{-J1+J2,D3},{J1,D4},{J2,D5},{J2,D6},{J3,D7}}	4*J2*J3+2*J3^2	{{{-4,-2,-2},{-2,0,2},{-2,2,6}},{{-2,0,2},{0,2,6},{2,6,10}},{{-2,2,6},{2,6,10},{6,10,14}}}
155	114	3	{{J1,D5},{J2,D6},{J3,D7}}	{{2*J1-2*J2+J3,D1},{-J1+J2,D2},{-J1+J2,D3},{-J1+J2,D4},{J1,D5},{J2,D6},{J3,D7}}	-2*J2^2+6*J2*J3+J3^2	{{{2,0,-4},{0,0,0},{-4,0,8}},{{0,0,0},{0,2,6},{0,6,12}},{{-4,0,8},{0,6,12},{8,12,8}}}
156	115	3	{{J1,D4},{J2,D6},{J3,D7}}	{{-3*J1+J2+J3,D1},{J1-J2,D2},{J1,D3},{J1,D4},{2*J1-J2,D5},{J2,D6},{J3,D7}}	-6*J1^2+10/3*J2*J3+10/3*J3^2	{{{1,0,4},{0,-2,2},{4,2,10}},{{0,-2,2},{-2,-4,-2},{2,-2,8}},{{4,2,10},{2,-2,8},{10,8,22}}}
156	115	3	{{J1,D4},{J2,D6},{J3,D7}}	{{-3*J1+J2+J3,D1},{J1-J2,D2},{J1,D3},{J1,D4},{2*J1-J2,D5},{J2,D6},{J3,D7}}	-3*J1*J2+J2^2+4/3*J2*J3+10/3*J3^2	{{{1,0,4},{0,-2,2},{4,2,10}},{{0,-2,2},{-2,-6,-2},{2,-2,8}},{{4,2,10},{2,-2,8},{10,8,22}}}
157	116	3	{{J1,D2},{J2,D6},{J3,D7}}	{{5*J1-J2+2*J3,D1},{J1,D2},{-4*J1+J2-2*J3,D3},{-8*J1+2*J2-4*J3,D4},{6*J1-J2+3*J3,D5},{J2,D6},{J3,D7}}	84/5*J1*J2-2*J2^2+42/5*J2*J3+14/5*J3^2	{{{0,2,1},{2,16,3},{1,3,-1}},{{2,16,3},{16,72,0},{3,0,-6}},{{1,3,-1},{3,0,-6},{-1,-6,0}}}
158	117	3	{{J1,D2},{J2,D5},{J3,D7}}	{{J1-J2,D1},{J1,D2},{J2,D3},{2*J1+J3,D4},{J2,D5},{2*J1+J3,D6},{J3,D7}}	20*J1*J2+14*J1*J3+3*J2*J3+3*J3^2	{{{0,0,3},{0,0,3},{3,3,-5}},{{0,0,3},{0,0,0},{3,0,-6}},{{3,3,-5},{3,0,-6},{-5,-6,8}}}
159	118	3	{{J1,D2},{J2,D6},{J3,D7}}	{{J1,D1},{J1,D2},{-2*J1+J2-J3,D3},{J2,D4},{-2*J1+J2-J3,D5},{J2,D6},{J3,D7}}	5*J2^2-6*J1*J3-2*J3^2	{{{0,0,0},{0,4,1},{0,1,-2}},{{0,4,1},{4,14,0},{1,0,-2}},{{0,1,-2},{1,0,-2},{-2,-2,8}}}
160	119	3	{{J1,D5},{J2,D6},{J3,D7}}	{{2*J1-3*J2-2*J3,D1},{-J1+2*J2+J3,D2},{-J1+2*J2+J3,D3},{J1,D4},{J1,D5},{J2,D6},{J3,D7}}	-2*J1^2+14*J2^2+8*J1*J3+6*J2*J3-3*J3^2	{{{15,10,0},{10,6,1},{0,1,-2}},{{10,6,1},{6,0,6},{1,6,-8}},{{0,1,-2},{1,6,-8},{-2,-8,8}}}
161	120	3	{{J1,D5},{J2,D6},{J3,D7}}	{{2*J1+3*J2-J3,D1},{3*J1+2*J2-J3,D2},{-2*J1-2*J2+J3,D3},{-4*J1-4*J2+2*J3,D4},{J1,D5},{J2,D6},{J3,D7}}	-17*J1^2+31*J2^2+15*J1*J3-J2*J3-2*J3^2	{{{0,1,2},{1,1,5},{2,5,16}},{{1,1,5},{1,0,2},{5,2,16}},{{2,5,16},{5,2,16},{16,16,72}}}
162	121	3	{{J1,D5},{J2,D6},{J3,D7}}	{{J1-2*J2+J3,D1},{-J1+J2,D2},{-J1+J2,D3},{J1,D4},{J1,D5},{J2,D6},{J3,D7}}	-2*J1^2+5*J1*J2-3*J2^2+6*J2*J3	{{{-1,0,1},{0,2,5},{1,5,9}},{{0,2,5},{2,4,9},{5,9,13}},{{1,5,9},{5,9,13},{9,13,17}}}
163	122	3	{{J1,D4},{J2,D5},{J3,D6}}	{{-J1+J2,D1},{-J1-2*J2+J3,D2},{J1,D3},{J1,D4},{J2,D5},{J3,D6},{4*J1+4*J2-2*J3,D7}}	-2*J1^2-4*J2^2-8*J2*J3+6*J3^2	{{{0,1,2},{1,1,4},{2,4,10}},{{1,1,4},{1,1,4},{4,4,12}},{{2,4,10},{4,4,12},{10,12,34}}}
164	123	3	{{J1,D2},{J2,D6},{J3,D7}}	{{J1,D1},{J1,D2},{-2*J1+J2-J3,D3},{-2*J1+J2-J3,D4},{-2*J1+J2-J3,D5},{J2,D6},{J3,D7}}	-10*J1*J2+6*J2^2+2*J1*J3	{{{0,0,0},{0,4,0},{0,0,-2}},{{0,4,0},{4,20,0},{0,0,0}},{{0,0,-2},{0,0,0},{-2,0,8}}}
165	124	3	{{J1,D4},{J2,D6},{J3,D7}}	{{-3*J1+2*J2+J3,D1},{J1-J2,D2},{J1-J2,D3},{J1,D4},{2*J1-J2,D5},{J2,D6},{J3,D7}}	-6*J1^2+8/3*J2^2+6*J2*J3+10/3*J3^2	{{{1,0,4},{0,0,0},{4,0,12}},{{0,0,0},{0,2,-4},{0,-4,8}},{{4,0,12},{0,-4,8},{12,8,20}}}
166	125	3	{{J1,D2},{J2,D6},{J3,D7}}	{{3*J1-J2+J3,D1},{J1,D2},{-2*J1+J2-J3,D3},{-2*J1+J2-J3,D4},{-4*J1+2*J2-2*J3,D5},{J2,D6},{J3,D7}}	-4*J1*J2+4*J2^2-4*J1*J3-2*J3^2	{{{1,4,1},{4,12,0},{1,0,-3}},{{4,12,0},{12,34,0},{0,0,0}},{{1,0,-3},{0,0,0},{-3,0,8}}}
167	126	3	{{J1,D4},{J2,D5},{J3,D7}}	{{J1-J2,D1},{-2*J1-J2+J3,D2},{J2,D3},{J1,D4},{J2,D5},{2*J1+3*J2-J3,D6},{J3,D7}}	-3*J1^2-J1*J2-2*J2^2+4*J2*J3+2*J3^2	{{{1,1,4},{1,1,4},{4,4,12}},{{1,1,4},{1,0,2},{4,2,10}},{{4,4,12},{4,2,10},{12,10,34}}}
168	127	3	{{J1,D2},{J2,D5},{J3,D7}}	{{J1,D1},{J1,D2},{-4*J1-J2+J3,D3},{5*J1+2*J2-J3,D4},{J2,D5},{-3*J1-2*J2+J3,D6},{J3,D7}}	-13/8*J2^2-19/6*J1*J3-13/24*J2*J3+13/6*J3^2	{{{0,1,2},{1,-1,3},{2,3,14}},{{1,-1,3},{-1,1,-3},{3,-3,9}},{{2,3,14},{3,-3,9},{14,9,74}}}
169	128	3	{{J1,D5},{J2,D6},{J3,D7}}	{{-J1-J2+J3,D1},{-J1+J2,D2},{J1,D3},{J1,D4},{J1,D5},{J2,D6},{J3,D7}}	-2*J1^2+4*J3^2	{{{0,2,3},{2,2,6},{3,6,9}},{{2,2,6},{2,2,6},{6,6,12}},{{3,6,9},{6,6,12},{9,12,21}}}
170	129	3	{{J1,D5},{J2,D6},{J3,D7}}	{{-2*J1+J3,D1},{J1-J2,D2},{J2,D3},{J1,D4},{J1,D5},{J2,D6},{J3,D7}}	-3*J1^2+2*J1*J2+2*J2*J3+3*J3^2	{{{2,2,6},{2,0,5},{6,5,12}},{{2,0,5},{0,0,0},{5,0,10}},{{6,5,12},{5,0,10},{12,10,24}}}
171	130	3	{{J1,D5},{J2,D6},{J3,D7}}	{{8*J1-2*J2-J3,D1},{-7*J1+2*J2+J3,D2},{J1,D3},{-3*J1+J2,D4},{J1,D5},{J2,D6},{J3,D7}}	-62*J1^2+8*J2^2+16/7*J2*J3+8/7*J3^2	{{{1,4,0},{4,12,7},{0,7,-14}},{{4,12,7},{12,36,21},{7,21,7}},{{0,7,-14},{7,21,7},{-14,7,-112}}}
172	131	3	{{J1,D2},{J2,D5},{J3,D7}}	{{J1-J2,D1},{J1,D2},{J2,D3},{J2,D4},{J2,D5},{2*J1+J3,D6},{J3,D7}}	14*J1*J2+4*J2*J3-2*J3^2	{{{2,2,2},{2,2,2},{2,2,-4}},{{2,2,2},{2,0,0},{2,0,-4}},{{2,2,-4},{2,0,-4},{-4,-4,8}}}
173	132	3	{{J1,D5},{J2,D6},{J3,D7}}	{{-3*J1+J3,D1},{5*J1-J2-J3,D2},{J1,D3},{-4*J1+J2+J3,D4},{J1,D5},{J2,D6},{J3,D7}}	-26*J1^2+5/4*J2^2+9/4*J2*J3+4*J3^2	{{{1,1,4},{1,-3,7},{4,7,12}},{{1,-3,7},{-3,-19,7},{7,7,21}},{{4,7,12},{7,7,21},{12,21,36}}}
174	133	3	{{J1,D5},{J2,D6},{J3,D7}}	{{3*J1-3*J2+J3,D1},{-2*J1+J2,D2},{-J1+J2,D3},{-J1+J2,D4},{J1,D5},{J2,D6},{J3,D7}}	-6*J2^2+14/3*J2*J3+10/9*J3^2	{{{1,0,-3},{0,0,0},{-3,0,9}},{{0,0,0},{0,2,7},{0,7,21}},{{-3,0,9},{0,7,21},{9,21,36}}}
175	134	3	{{J1,D5},{J2,D6},{J3,D7}}	{{-J2+J3,D1},{-2*J1+J2,D2},{J1,D3},{J1,D4},{J1,D5},{J2,D6},{J3,D7}}	-3*J1^2+1/2*J2^2+2*J1*J3+4*J3^2	{{{0,2,3},{2,4,7},{3,7,7}},{{2,4,7},{4,8,14},{7,14,14}},{{3,7,7},{7,14,14},{7,14,14}}}
176	135	3	{{J1,D2},{J2,D6},{J3,D7}}	{{-8*J1+2*J2-3*J3,D1},{J1,D2},{5*J1-J2+2*J3,D3},{5*J1-J2+2*J3,D4},{-3*J1+J2-J3,D5},{J2,D6},{J3,D7}}	19/6*J2^2-37/12*J1*J3+1/12*J2*J3-5/4*J3^2	{{{8,0,-21},{0,0,0},{-21,0,55}},{{0,0,0},{0,33,21},{0,21,13}},{{-21,0,55},{0,21,13},{55,13,-136}}}
177	136	3	{{J1,D2},{J2,D6},{J3,D7}}	{{-5*J1-3*J2+2*J3,D1},{J1,D2},{3*J1+2*J2-J3,D3},{3*J1+2*J2-J3,D4},{-2*J1-J2+J3,D5},{J2,D6},{J3,D7}}	-13/5*J1*J2-9/5*J2^2+J2*J3+14/5*J3^2	{{{8,-13,0},{-13,21,0},{0,0,0}},{{-13,21,0},{21,-26,13},{0,13,21}},{{0,0,0},{0,13,21},{0,21,33}}}
178	137	3	{{J1,D5},{J2,D6},{J3,D7}}	{{-J1-J2+J3,D1},{2*J1-J2,D2},{-J1+J2,D3},{-J1+J2,D4},{J1,D5},{J2,D6},{J3,D7}}	J1*J2-2*J2^2+2*J2*J3+2*J3^2	{{{1,2,4},{2,4,8},{4,8,12}},{{2,4,8},{4,6,13},{8,13,21}},{{4,8,12},{8,13,21},{12,21,33}}}
179	138	3	{{J1,D5},{J2,D6},{J3,D7}}	{{-J1-2*J2+J3,D1},{J2,D2},{J2,D3},{J1,D4},{J1,D5},{J2,D6},{J3,D7}}	-J1*J2-3*J2^2-2*J2*J3+4*J3^2	{{{0,0,0},{0,2,5},{0,5,10}},{{0,2,5},{2,0,3},{5,3,11}},{{0,5,10},{5,3,11},{10,11,32}}}
180	139	3	{{J1,D1},{J2,D3},{J3,D7}}	{{J1,D1},{J2,D2},{J2,D3},{2*J1+J3,D4},{5*J1+2*J3,D5},{2*J1-2*J2+J3,D6},{J3,D7}}	4*J1*J2+114/5*J1*J3+2*J2*J3+9*J3^2	{{{8,-2,-20},{-2,0,5},{-20,5,50}},{{-2,0,5},{0,0,0},{5,0,-10}},{{-20,5,50},{5,0,-10},{50,-10,-120}}}
181	140	3	{{J1,D1},{J2,D6},{J3,D7}}	{{J1,D1},{2*J1+J2,D2},{3*J1+2*J2+J3,D3},{3*J1+2*J2+J3,D4},{9*J1+6*J2+3*J3,D5},{J2,D6},{J3,D7}}	5/2*J2^2+50*J2*J3+12*J3^2	{{{1,-2,0},{-2,4,0},{0,0,0}},{{-2,4,0},{4,-8,0},{0,0,2}},{{0,0,0},{0,0,2},{0,2,-8}}}
182	141	3	{{J1,D1},{J2,D5},{J3,D7}}	{{J1,D1},{J2,D2},{2*J1-J2+J3,D3},{2*J1-J2+J3,D4},{J2,D5},{5*J1+2*J3,D6},{J3,D7}}	4*J1*J2+114/5*J1*J3+2*J2*J3+9*J3^2	{{{8,-2,-20},{-2,0,5},{-20,5,50}},{{-2,0,5},{0,0,0},{5,0,-10}},{{-20,5,50},{5,0,-10},{50,-10,-120}}}
182	141	3	{{J1,D1},{J2,D5},{J3,D7}}	{{J1,D1},{J2,D2},{2*J1-J2+J3,D3},{2*J1-J2+J3,D4},{J2,D5},{5*J1+2*J3,D6},{J3,D7}}	-J2^2+126/5*J1*J3+10*J3^2	{{{8,-2,-20},{-2,0,5},{-20,5,50}},{{-2,0,5},{0,-2,0},{5,0,-10}},{{-20,5,50},{5,0,-10},{50,-10,-120}}}
183	142	3	{{J1,D4},{J2,D5},{J3,D7}}	{{-J1+J2-J3,D1},{2*J1-J2+J3,D2},{-2*J1+2*J2-J3,D3},{J1,D4},{J2,D5},{3*J2,D6},{J3,D7}}	10*J2^2+5*J2*J3-3*J3^2	{{{0,0,0},{0,2,2},{0,2,2}},{{0,2,2},{2,3,0},{2,0,-4}},{{0,2,2},{2,0,-4},{2,-4,-8}}}
183	142	3	{{J1,D4},{J2,D5},{J3,D7}}	{{-J1+J2-J3,D1},{2*J1-J2+J3,D2},{-2*J1+2*J2-J3,D3},{J1,D4},{J2,D5},{3*J2,D6},{J3,D7}}	12*J2^2+2*J2*J3-3/2*J3^2	{{{-2,0,2},{0,2,2},{2,2,0}},{{0,2,2},{2,3,0},{2,0,-4}},{{2,2,0},{2,0,-4},{0,-4,-8}}}
183	142	3	{{J1,D4},{J2,D5},{J3,D7}}	{{-J1+J2-J3,D1},{2*J1-J2+J3,D2},{-2*J1+2*J2-J3,D3},{J1,D4},{J2,D5},{3*J2,D6},{J3,D7}}	7*J1*J3+19*J2*J3-7*J3^2	{{{0,0,0},{0,2,2},{0,2,2}},{{0,2,2},{2,3,0},{2,0,-4}},{{0,2,2},{2,0,-4},{2,-4,-10}}}
184	143	3	{{J1,D3},{J2,D5},{J3,D6}}	{{-J1+J2,D1},{J1-J2+J3,D2},{J1,D3},{2*J1-J2+J3,D4},{J2,D5},{J3,D6},{3*J1+3*J3,D7}}	10*J1^2+2*J2^2+26*J2*J3	{{{-3,-2,2},{-2,-2,2},{2,2,0}},{{-2,-2,2},{-2,-2,2},{2,2,0}},{{2,2,0},{2,2,0},{0,0,0}}}
184	143	3	{{J1,D3},{J2,D5},{J3,D6}}	{{-J1+J2,D1},{J1-J2+J3,D2},{J1,D3},{2*J1-J2+J3,D4},{J2,D5},{J3,D6},{3*J1+3*J3,D7}}	10*J1^2+26*J2*J3+12*J3^2	{{{-1,0,0},{0,0,0},{0,0,2}},{{0,0,0},{0,0,0},{0,0,2}},{{0,0,2},{0,0,2},{2,2,-2}}}
184	143	3	{{J1,D3},{J2,D5},{J3,D6}}	{{-J1+J2,D1},{J1-J2+J3,D2},{J1,D3},{2*J1-J2+J3,D4},{J2,D5},{J3,D6},{3*J1+3*J3,D7}}	19*J1*J2-7*J2^2+21*J2*J3	{{{-3,-2,2},{-2,-2,2},{2,2,0}},{{-2,-2,2},{-2,-4,2},{2,2,0}},{{2,2,0},{2,2,0},{0,0,0}}}
184	143	3	{{J1,D3},{J2,D5},{J3,D6}}	{{-J1+J2,D1},{J1-J2+J3,D2},{J1,D3},{2*J1-J2+J3,D4},{J2,D5},{J3,D6},{3*J1+3*J3,D7}}	5/2*J2^2+21*J2*J3-23/2*J3^2	{{{-1,-2,0},{-2,-2,2},{0,2,2}},{{-2,-2,2},{-2,-4,2},{2,2,0}},{{0,2,2},{2,2,0},{2,0,-2}}}
184	143	3	{{J1,D3},{J2,D5},{J3,D6}}	{{-J1+J2,D1},{J1-J2+J3,D2},{J1,D3},{2*J1-J2+J3,D4},{J2,D5},{J3,D6},{3*J1+3*J3,D7}}	19*J1*J3+2*J2*J3+12*J3^2	{{{1,0,-2},{0,0,0},{-2,0,4}},{{0,0,0},{0,0,0},{0,0,2}},{{-2,0,4},{0,0,2},{4,2,-4}}}
184	143	3	{{J1,D3},{J2,D5},{J3,D6}}	{{-J1+J2,D1},{J1-J2+J3,D2},{J1,D3},{2*J1-J2+J3,D4},{J2,D5},{J3,D6},{3*J1+3*J3,D7}}	23*J1*J3-2*J2*J3+14*J3^2	{{{1,0,-2},{0,0,0},{-2,0,4}},{{0,0,0},{0,-2,0},{0,0,2}},{{-2,0,4},{0,0,2},{4,2,-4}}}
185	144	3	{{J1,D2},{J2,D6},{J3,D7}}	{{J1,D1},{J1,D2},{-4*J1+J2-2*J3,D3},{6*J1-J2+3*J3,D4},{-4*J1+J2-2*J3,D5},{J2,D6},{J3,D7}}	14*J1*J2+4/3*J2*J3+8*J3^2	{{{0,0,0},{0,16,6},{0,6,2}},{{0,16,6},{16,80,0},{6,0,-12}},{{0,6,2},{6,0,-12},{2,-12,-8}}}
186	145	3	{{J1,D5},{J2,D6},{J3,D7}}	{{4*J1-J2+2*J3,D1},{4*J1-J2+2*J3,D2},{-3*J1+J2-2*J3,D3},{-6*J1+2*J2-3*J3,D4},{J1,D5},{J2,D6},{J3,D7}}	10*J1*J2-2*J2^2-14*J1*J3+12*J2*J3-11*J3^2	{{{0,4,2},{4,24,6},{2,6,0}},{{4,24,6},{24,81,0},{6,0,-12}},{{2,6,0},{6,0,-12},{0,-12,-8}}}
187	146	3	{{J1,D2},{J2,D5},{J3,D7}}	{{-J1+J2-J3,D1},{J1,D2},{J2,D3},{2*J1+J3,D4},{J2,D5},{2*J1+3*J2+J3,D6},{J3,D7}}	12*J2^2+10*J2*J3-11/2*J3^2	{{{1,-1,-2},{-1,1,2},{-2,2,4}},{{-1,1,2},{1,1,0},{2,0,-4}},{{-2,2,4},{2,0,-4},{4,-4,-8}}}
188	147	3	{{J1,D5},{J2,D6},{J3,D7}}	{{-3*J1+J2-2*J3,D1},{-6*J1+2*J2-3*J3,D2},{10*J1-3*J2+5*J3,D3},{-2*J1+J2-J3,D4},{J1,D5},{J2,D6},{J3,D7}}	-6*J2^2+246/5*J2*J3-62*J3^2	{{{1,5,1},{5,25,5},{1,5,1}},{{5,25,5},{25,83,0},{5,0,-10}},{{1,5,1},{5,0,-10},{1,-10,-8}}}
189	148	3	{{J1,D4},{J2,D5},{J3,D7}}	{{J1-J2-J3,D1},{J1,D2},{J1,D3},{J1,D4},{J2,D5},{4*J1-2*J2-J3,D6},{J3,D7}}	14*J2^2+83/4*J2*J3-3/8*J3^2	{{{2,1,0},{1,-3,4},{0,4,-8}},{{1,-3,4},{-3,-15,12},{4,12,-8}},{{0,4,-8},{4,12,-8},{-8,-8,-16}}}
190	149	3	{{J1,D2},{J2,D6},{J3,D7}}	{{J1,D1},{J1,D2},{-4*J1+J2-2*J3,D3},{2*J1+J3,D4},{6*J1-J2+3*J3,D5},{J2,D6},{J3,D7}}	3*J2^2-10*J1*J3-3*J3^2	{{{0,0,0},{0,10,5},{0,5,2}},{{0,10,5},{10,40,0},{5,0,-10}},{{0,5,2},{5,0,-10},{2,-10,-8}}}
191	150	3	{{J1,D3},{J2,D6},{J3,D7}}	{{-4*J1+J2-2*J3,D1},{J1,D2},{J1,D3},{2*J1+J3,D4},{2*J1+J3,D5},{J2,D6},{J3,D7}}	3*J2^2-10*J1*J3-3*J3^2	{{{0,0,0},{0,10,5},{0,5,2}},{{0,10,5},{10,40,0},{5,0,-10}},{{0,5,2},{5,0,-10},{2,-10,-8}}}
192	151	3	{{J1,D3},{J2,D5},{J3,D7}}	{{-4*J1+J2+J3,D1},{J1-J2,D2},{J1,D3},{5*J1-J2-J3,D4},{J2,D5},{-3*J1+J3,D6},{J3,D7}}	-14/3*J1*J3+2/3*J2*J3+8/3*J3^2	{{{1,0,5},{0,-2,2},{5,2,21}},{{0,-2,2},{-2,-4,-4},{2,-4,12}},{{5,2,21},{2,-4,12},{21,12,81}}}
192	151	3	{{J1,D3},{J2,D5},{J3,D7}}	{{-4*J1+J2+J3,D1},{J1-J2,D2},{J1,D3},{5*J1-J2-J3,D4},{J2,D5},{-3*J1+J3,D6},{J3,D7}}	-4/3*J1*J3-2/3*J2*J3+2*J3^2	{{{1,0,5},{0,-2,2},{5,2,21}},{{0,-2,2},{-2,-6,-4},{2,-4,12}},{{5,2,21},{2,-4,12},{21,12,81}}}
193	152	3	{{J1,D3},{J2,D5},{J3,D7}}	{{2*J1+3*J2-J3,D1},{-2*J1-2*J2+J3,D2},{J1,D3},{-4*J1-5*J2+2*J3,D4},{J2,D5},{3*J1+3*J2-J3,D6},{J3,D7}}	9*J2^2+28/3*J1*J3+7*J2*J3-2*J3^2	{{{-1,0,-3},{0,2,6},{-3,6,9}},{{0,2,6},{2,0,4},{6,4,24}},{{-3,6,9},{6,4,24},{9,24,82}}}
193	152	3	{{J1,D3},{J2,D5},{J3,D7}}	{{2*J1+3*J2-J3,D1},{-2*J1-2*J2+J3,D2},{J1,D3},{-4*J1-5*J2+2*J3,D4},{J2,D5},{3*J1+3*J2-J3,D6},{J3,D7}}	-24*J2^2-16/3*J1*J3+18*J2*J3-2*J3^2	{{{1,-2,-3},{-2,4,6},{-3,6,9}},{{-2,4,6},{4,-2,4},{6,4,24}},{{-3,6,9},{6,4,24},{9,24,82}}}
194	153	3	{{J1,D5},{J2,D6},{J3,D7}}	{{5*J1+5*J2-3*J3,D1},{-2*J1-J2+J3,D2},{-J1-2*J2+J3,D3},{-3*J1-3*J2+2*J3,D4},{J1,D5},{J2,D6},{J3,D7}}	12*J1*J3+64/5*J2*J3-6*J3^2	{{{-1,4,5},{4,2,10},{5,10,25}},{{4,2,10},{2,1,5},{10,5,25}},{{5,10,25},{10,5,25},{25,25,83}}}
194	153	3	{{J1,D5},{J2,D6},{J3,D7}}	{{5*J1+5*J2-3*J3,D1},{-2*J1-J2+J3,D2},{-J1-2*J2+J3,D3},{-3*J1-3*J2+2*J3,D4},{J1,D5},{J2,D6},{J3,D7}}	64/5*J1*J3+12*J2*J3-6*J3^2	{{{1,2,5},{2,4,10},{5,10,25}},{{2,4,10},{4,-1,5},{10,5,25}},{{5,10,25},{10,5,25},{25,25,83}}}
195	154	3	{{J1,D4},{J2,D6},{J3,D7}}	{{-3*J1+J2+J3,D1},{J1-J2,D2},{J1,D3},{J1,D4},{4*J1-J2-J3,D5},{J2,D6},{J3,D7}}	-6*J1^2+2/3*J2^2+29/6*J3^2	{{{2,1,6},{1,-3,6},{6,6,12}},{{1,-3,6},{-3,-15,6},{6,6,12}},{{6,6,12},{6,6,12},{12,12,24}}}
195	154	3	{{J1,D4},{J2,D6},{J3,D7}}	{{-3*J1+J2+J3,D1},{J1-J2,D2},{J1,D3},{J1,D4},{4*J1-J2-J3,D5},{J2,D6},{J3,D7}}	1/2*J1*J2-1/2*J2^2+7/2*J3^2	{{{2,1,6},{1,-3,6},{6,6,12}},{{1,-3,6},{-3,-19,6},{6,6,12}},{{6,6,12},{6,6,12},{12,12,24}}}
196	155	3	{{J1,D5},{J2,D6},{J3,D7}}	{{4*J1+7*J2-3*J3,D1},{-J1-2*J2+J3,D2},{-3*J1-4*J2+2*J3,D3},{-J1-2*J2+J3,D4},{J1,D5},{J2,D6},{J3,D7}}	19/2*J1*J3+89/5*J2*J3-6*J3^2	{{{-10,4,-4},{4,2,10},{-4,10,18}},{{4,2,10},{2,1,5},{10,5,25}},{{-4,10,18},{10,5,25},{18,25,82}}}
197	156	3	{{J1,D4},{J2,D5},{J3,D7}}	{{-2*J1-2*J2+J3,D1},{J2,D2},{J1,D3},{J1,D4},{J2,D5},{3*J1+3*J2-J3,D6},{J3,D7}}	-3*J1^2-4*J1*J2+3*J3^2	{{{-2,2,0},{2,0,5},{0,5,10}},{{2,0,5},{0,0,0},{5,0,10}},{{0,5,10},{5,0,10},{10,10,40}}}
197	156	3	{{J1,D4},{J2,D5},{J3,D7}}	{{-2*J1-2*J2+J3,D1},{J2,D2},{J1,D3},{J1,D4},{J2,D5},{3*J1+3*J2-J3,D6},{J3,D7}}	-4*J1*J2-3*J2^2+3*J3^2	{{{0,0,0},{0,2,5},{0,5,10}},{{0,2,5},{2,-2,0},{5,0,10}},{{0,5,10},{5,0,10},{10,10,40}}}
198	157	3	{{J1,D5},{J2,D6},{J3,D7}}	{{-2*J2+J3,D1},{J1,D2},{-J1+J2,D3},{-J1+J2,D4},{J1,D5},{J2,D6},{J3,D7}}	2*J1*J2-3*J2^2+3*J3^2	{{{0,0,0},{0,2,5},{0,5,10}},{{0,2,5},{2,4,10},{5,10,20}},{{0,5,10},{5,10,20},{10,20,40}}}
198	157	3	{{J1,D5},{J2,D6},{J3,D7}}	{{-2*J2+J3,D1},{J1,D2},{-J1+J2,D3},{-J1+J2,D4},{J1,D5},{J2,D6},{J3,D7}}	-2*J1*J2-J2^2+3*J3^2	{{{-2,0,0},{0,2,5},{0,5,10}},{{0,2,5},{2,4,10},{5,10,20}},{{0,5,10},{5,10,20},{10,20,40}}}
199	158	3	{{J1,D5},{J2,D6},{J3,D7}}	{{-3*J1+J2+J3,D1},{J1-J2,D2},{J1,D3},{J1,D4},{J1,D5},{J2,D6},{J3,D7}}	-6*J1^2+2/3*J2^2+29/6*J3^2	{{{2,1,6},{1,-3,6},{6,6,12}},{{1,-3,6},{-3,-15,6},{6,6,12}},{{6,6,12},{6,6,12},{12,12,24}}}
200	159	3	{{J1,D1},{J2,D6},{J3,D7}}	{{J1,D1},{7*J1-J2+3*J3,D2},{-5*J1+J2-2*J3,D3},{-5*J1+J2-2*J3,D4},{2*J1+J3,D5},{J2,D6},{J3,D7}}	-52*J1^2-43*J1*J3+9*J2*J3-9*J3^2	{{{8,0,-19},{0,0,0},{-19,0,45}},{{0,0,0},{0,48,19},{0,19,7}},{{-19,0,45},{0,19,7},{45,7,-104}}}
201	160	3	{{J1,D5},{J2,D6},{J3,D7}}	{{8*J1-3*J2+4*J3,D1},{-5*J1+2*J2-3*J3,D2},{-2*J1+J2-J3,D3},{-2*J1+J2-J3,D4},{J1,D5},{J2,D6},{J3,D7}}	-6*J2^2+79/2*J2*J3-40*J3^2	{{{2,8,2},{8,32,8},{2,8,2}},{{8,32,8},{32,85,0},{8,0,-16}},{{2,8,2},{8,0,-16},{2,-16,-16}}}
202	161	3	{{J1,D2},{J2,D5},{J3,D7}}	{{3*J1-J2+J3,D1},{J1,D2},{-2*J1+J2-J3,D3},{-4*J1+2*J2-2*J3,D4},{J2,D5},{-2*J1+3*J2-J3,D6},{J3,D7}}	-8*J1*J2+10*J2^2-4*J1*J3-2*J3^2	{{{0,1,1},{1,3,0},{1,0,-3}},{{1,3,0},{3,8,0},{0,0,0}},{{1,0,-3},{0,0,0},{-3,0,8}}}
203	162	3	{{J1,D5},{J2,D6},{J3,D7}}	{{2*J1+3*J2-J3,D1},{2*J1+3*J2-J3,D2},{-3*J1-5*J2+2*J3,D3},{-2*J1-2*J2+J3,D4},{J1,D5},{J2,D6},{J3,D7}}	-11*J1^2+7*J2^2+12*J1*J3+5/2*J2*J3-2*J3^2	{{{-6,2,-4},{2,2,8},{-4,8,14}},{{2,2,8},{2,0,4},{8,4,24}},{{-4,8,14},{8,4,24},{14,24,85}}}
204	163	3	{{J1,D5},{J2,D6},{J3,D7}}	{{J1+3*J2-J3,D1},{2*J1+2*J2-J3,D2},{-J1-2*J2+J3,D3},{-3*J1-4*J2+2*J3,D4},{J1,D5},{J2,D6},{J3,D7}}	-8*J1^2+46*J2^2+10*J1*J3-6*J2*J3-2*J3^2	{{{0,2,4},{2,2,8},{4,8,24}},{{2,2,8},{2,1,5},{8,5,23}},{{4,8,24},{8,5,23},{24,23,86}}}
205	164	3	{{J1,D5},{J2,D6},{J3,D7}}	{{5*J1+7*J2-3*J3,D1},{-2*J1-2*J2+J3,D2},{-J1-2*J2+J3,D3},{-3*J1-4*J2+2*J3,D4},{J1,D5},{J2,D6},{J3,D7}}	-2*J2^2+12*J1*J3+18*J2*J3-6*J3^2	{{{1,-2,-3},{-2,4,6},{-3,6,9}},{{-2,4,6},{4,1,9},{6,9,31}},{{-3,6,9},{6,9,31},{9,31,87}}}
206	165	3	{{J1,D4},{J2,D6},{J3,D7}}	{{J1-3*J2+J3,D1},{-J1+J2,D2},{-J1+J2,D3},{J1,D4},{J2,D5},{J2,D6},{J3,D7}}	-J1*J2-6*J2^2+8*J2*J3	{{{-3,-2,-3},{-2,0,2},{-3,2,9}},{{-2,0,2},{0,2,7},{2,7,19}},{{-3,2,9},{2,7,19},{9,19,48}}}
206	165	3	{{J1,D4},{J2,D6},{J3,D7}}	{{J1-3*J2+J3,D1},{-J1+J2,D2},{-J1+J2,D3},{J1,D4},{J2,D5},{J2,D6},{J3,D7}}	J1*J2-4*J2^2+2*J2*J3+2*J3^2	{{{-4,-2,-3},{-2,0,2},{-3,2,9}},{{-2,0,2},{0,2,7},{2,7,19}},{{-3,2,9},{2,7,19},{9,19,48}}}
207	166	3	{{J1,D5},{J2,D6},{J3,D7}}	{{J1-J2,D1},{4*J1-J2-J3,D2},{-3*J1+J2+J3,D3},{-3*J1+J2+J3,D4},{J1,D5},{J2,D6},{J3,D7}}	-18*J1^2+11*J1*J2-2*J2^2+9*J2*J3	{{{2,1,7},{1,-3,7},{7,7,19}},{{1,-3,7},{-3,-18,7},{7,7,19}},{{7,7,19},{7,7,19},{19,19,48}}}
208	167	3	{{J1,D3},{J2,D5},{J3,D6}}	{{-5*J1+J2-2*J3,D1},{J1,D2},{J1,D3},{3*J1+J3,D4},{J2,D5},{J3,D6},{12*J1-2*J2+4*J3,D7}}	-18*J1^2+14/5*J2^2-13*J1*J3-8/5*J2*J3-3*J3^2	{{{0,2,1},{2,10,0},{1,0,-3}},{{2,10,0},{10,50,0},{0,0,0}},{{1,0,-3},{0,0,0},{-3,0,9}}}
209	168	3	{{J1,D5},{J2,D6},{J3,D7}}	{{8*J1-2*J2+3*J3,D1},{-3*J1+J2-J3,D2},{-3*J1+J2-J3,D3},{-3*J1+J2-J3,D4},{J1,D5},{J2,D6},{J3,D7}}	-2*J2^2+113/16*J2*J3-3/32*J3^2	{{{9,0,-24},{0,0,0},{-24,0,64}},{{0,0,0},{0,35,24},{0,24,16}},{{-24,0,64},{0,24,16},{64,16,-160}}}
210	169	3	{{J1,D4},{J2,D5},{J3,D7}}	{{-J1+2*J2+J3,D1},{J1,D2},{J1,D3},{J1,D4},{J2,D5},{2*J1+3*J2+J3,D6},{J3,D7}}	4*J1^2+232/7*J2*J3+14*J3^2	{{{0,1,0},{1,-3,7},{0,7,-14}},{{1,-3,7},{-3,9,-21},{7,-21,49}},{{0,7,-14},{7,-21,49},{-14,49,-112}}}
211	170	3	{{J1,D2},{J2,D5},{J3,D7}}	{{-2*J1+J2-J3,D1},{J1,D2},{J2,D3},{-2*J1+2*J2-J3,D4},{J2,D5},{-3*J1+5*J2-2*J3,D6},{J3,D7}}	-24*J1*J2+34*J2^2+2*J1*J3-17*J2*J3+J3^2	{{{8,-2,-17},{-2,0,3},{-17,3,33}},{{-2,0,3},{0,1,0},{3,0,-6}},{{-17,3,33},{3,0,-6},{33,-6,-64}}}
212	171	3	{{J1,D2},{J2,D6},{J3,D7}}	{{-3*J1+2*J2-2*J3,D1},{J1,D2},{2*J1-J2+J3,D3},{2*J1-J2+J3,D4},{2*J1-J2+J3,D5},{J2,D6},{J3,D7}}	8/3*J2^2-2*J1*J3-2*J3^2	{{{8,16,4},{16,24,0},{4,0,-6}},{{16,24,0},{24,36,0},{0,0,0}},{{4,0,-6},{0,0,0},{-6,0,8}}}
213	172	3	{{J1,D2},{J2,D6},{J3,D7}}	{{-5*J1+3*J2-3*J3,D1},{J1,D2},{2*J1-J2+J3,D3},{2*J1-J2+J3,D4},{4*J1-2*J2+2*J3,D5},{J2,D6},{J3,D7}}	52/25*J2^2-44/5*J1*J3-6*J3^2	{{{9,18,3},{18,30,0},{3,0,-5}},{{18,30,0},{30,50,0},{0,0,0}},{{3,0,-5},{0,0,0},{-5,0,8}}}
214	173	3	{{J1,D5},{J2,D6},{J3,D7}}	{{7*J1-3*J2-3*J3,D1},{-4*J1+J2+2*J3,D2},{-2*J1+J2+J3,D3},{-2*J1+J2+J3,D4},{J1,D5},{J2,D6},{J3,D7}}	92/7*J1*J2-6*J2^2-4/35*J3^2	{{{9,3,18},{3,-5,12},{18,12,30}},{{3,-5,12},{-5,-20,8},{12,8,20}},{{18,12,30},{12,8,20},{30,20,50}}}
215	174	3	{{J1,D5},{J2,D6},{J3,D7}}	{{5*J1+3*J2-2*J3,D1},{-2*J1-J2+J3,D2},{-2*J1-J2+J3,D3},{-2*J1-J2+J3,D4},{J1,D5},{J2,D6},{J3,D7}}	-6/25*J2^2+179/25*J2*J3-2*J3^2	{{{9,-15,0},{-15,25,0},{0,0,0}},{{-15,25,0},{25,-31,16},{0,16,24}},{{0,0,0},{0,16,24},{0,24,35}}}
216	175	3	{{J1,D4},{J2,D5},{J3,D7}}	{{-J1-3*J2+J3,D1},{J2,D2},{J2,D3},{J1,D4},{J2,D5},{2*J1+4*J2-J3,D6},{J3,D7}}	-J1*J2-6*J2^2-5/2*J2*J3+7/2*J3^2	{{{2,-2,-4},{-2,2,4},{-4,4,8}},{{-2,2,4},{2,0,3},{4,3,13}},{{-4,4,8},{4,3,13},{8,13,47}}}
217	176	3	{{J1,D5},{J2,D6},{J3,D7}}	{{2*J1-3*J2+J3,D1},{-J1+J2,D2},{-J1+J2,D3},{-J1+J2,D4},{J1,D5},{J2,D6},{J3,D7}}	-6*J2^2+5*J2*J3+J3^2	{{{2,0,-4},{0,0,0},{-4,0,8}},{{0,0,0},{0,2,7},{0,7,21}},{{-4,0,8},{0,7,21},{8,21,47}}}
218	177	3	{{J1,D5},{J2,D6},{J3,D7}}	{{-J1-J2+J3,D1},{J1,D2},{J1,D3},{-2*J1+J2,D4},{J1,D5},{J2,D6},{J3,D7}}	-4*J1^2-1/2*J2^2+2*J2*J3+2*J3^2	{{{0,2,3},{2,4,8},{3,8,11}},{{2,4,8},{4,8,16},{8,16,24}},{{3,8,11},{8,16,24},{11,24,35}}}
219	178	3	{{J1,D5},{J2,D6},{J3,D7}}	{{5*J1-2*J2-J3,D1},{-4*J1+J2+J3,D2},{J1,D3},{-3*J1+J2+J3,D4},{J1,D5},{J2,D6},{J3,D7}}	-26*J1^2+17*J1*J2-3*J2^2+14/5*J2*J3+12/5*J3^2	{{{1,0,5},{0,-2,3},{5,3,19}},{{0,-2,3},{-2,-8,-1},{3,-1,17}},{{5,3,19},{3,-1,17},{19,17,61}}}
220	179	3	{{J1,D1},{J2,D4},{J3,D7}}	{{J1,D1},{J2,D2},{2*J1+J3,D3},{J2,D4},{2*J1+J3,D5},{5*J1+2*J2+2*J3,D6},{J3,D7}}	84/5*J1*J2+5*J2^2+114/5*J1*J3+16*J2*J3+9*J3^2	{{{8,-2,-18},{-2,0,5},{-18,5,40}},{{-2,0,5},{0,0,0},{5,0,-10}},{{-18,5,40},{5,0,-10},{40,-10,-88}}}
221	180	3	{{J1,D2},{J2,D5},{J3,D7}}	{{J1,D1},{J1,D2},{J2,D3},{J2,D4},{J2,D5},{2*J1+2*J2+J3,D6},{J3,D7}}	16*J1*J2+9*J2^2+2*J2*J3-2*J3^2	{{{0,0,0},{0,2,1},{0,1,-2}},{{0,2,1},{2,0,0},{1,0,-2}},{{0,1,-2},{1,0,-2},{-2,-2,8}}}
222	181	3	{{J1,D5},{J2,D6},{J3,D7}}	{{J2,D1},{3*J1+4*J2-J3,D2},{-2*J1-3*J2+J3,D3},{-2*J1-3*J2+J3,D4},{J1,D5},{J2,D6},{J3,D7}}	-12*J1*J2+4*J1*J3+10*J2*J3	{{{-4,2,-4},{2,0,6},{-4,6,12}},{{2,0,6},{0,0,0},{6,0,16}},{{-4,6,12},{6,0,16},{12,16,88}}}
223	182	3	{{J1,D4},{J2,D5},{J3,D7}}	{{-2*J1-2*J2+J3,D1},{J1,D2},{J2,D3},{J1,D4},{J2,D5},{2*J1+3*J2-J3,D6},{J3,D7}}	-3*J1^2-4*J1*J2-3*J2^2+2*J2*J3+2*J3^2	{{{0,0,0},{0,2,5},{0,5,10}},{{0,2,5},{2,0,4},{5,4,18}},{{0,5,10},{5,4,18},{10,18,56}}}
224	183	3	{{J1,D2},{J2,D5},{J3,D7}}	{{-2*J1+J2-J3,D1},{J1,D2},{2*J1+J3,D3},{2*J1+J3,D4},{J2,D5},{3*J1+2*J2+J3,D6},{J3,D7}}	38/3*J2^2+20/3*J1*J3+10/3*J2*J3+2*J3^2	{{{8,-3,-18},{-3,1,7},{-18,7,40}},{{-3,1,7},{1,2,0},{7,0,-14}},{{-18,7,40},{7,0,-14},{40,-14,-88}}}
225	184	3	{{J1,D5},{J2,D6},{J3,D7}}	{{3*J1-J2-J3,D1},{6*J1-2*J2-J3,D2},{-5*J1+2*J2+J3,D3},{-5*J1+2*J2+J3,D4},{J1,D5},{J2,D6},{J3,D7}}	-48*J1^2+20/3*J2^2+19*J1*J3+20/3*J2*J3-2*J3^2	{{{4,11,0},{11,27,6},{0,6,-12}},{{11,27,6},{27,64,17},{6,17,1}},{{0,6,-12},{6,17,1},{-12,1,-72}}}
226	185	3	{{J1,D1},{J2,D5},{J3,D7}}	{{J1,D1},{J2,D2},{J2,D3},{2*J1+J3,D4},{J2,D5},{3*J1+3*J2+J3,D6},{J3,D7}}	16*J1*J2+12*J2^2+15*J2*J3-5/3*J3^2	{{{9,-3,-18},{-3,1,6},{-18,6,36}},{{-3,1,6},{1,0,0},{6,0,-12}},{{-18,6,36},{6,0,-12},{36,-12,-72}}}
227	186	3	{{J1,D5},{J2,D6},{J3,D7}}	{{7*J1-2*J2-J3,D1},{-3*J1+J2,D2},{J1,D3},{-6*J1+2*J2+J3,D4},{J1,D5},{J2,D6},{J3,D7}}	-48*J1^2+20/3*J2^2+7/3*J2*J3+7/6*J3^2	{{{2,7,0},{7,21,6},{0,6,-12}},{{7,21,6},{21,63,18},{6,18,0}},{{0,6,-12},{6,18,0},{-12,0,-72}}}
228	187	3	{{J1,D4},{J2,D5},{J3,D7}}	{{J1-J2-J3,D1},{-J1+2*J2+J3,D2},{J1,D3},{J1,D4},{J2,D5},{2*J1+2*J2+J3,D6},{J3,D7}}	4*J1^2+34*J2*J3+8*J3^2	{{{2,2,0},{2,0,2},{0,2,-4}},{{2,0,2},{0,0,0},{2,0,2}},{{0,2,-4},{2,0,2},{-4,2,-8}}}
229	188	3	{{J1,D1},{J2,D6},{J3,D7}}	{{J1,D1},{6*J1-J2+3*J3,D2},{-5*J1+J2-3*J3,D3},{-4*J1+J2-2*J3,D4},{2*J1+J3,D5},{J2,D6},{J3,D7}}	34/25*J2^2-36/25*J3^2	{{{-1,1,2},{1,17,4},{2,4,-2}},{{1,17,4},{17,93,0},{4,0,-8}},{{2,4,-2},{4,0,-8},{-2,-8,0}}}
230	189	3	{{J1,D3},{J2,D5},{J3,D7}}	{{J1-J2,D1},{J1,D2},{J1,D3},{J2,D4},{J2,D5},{3*J1+J3,D6},{J3,D7}}	12*J1^2+7*J1*J2+2*J2*J3-2*J3^2	{{{2,2,1},{2,0,0},{1,0,-3}},{{2,0,0},{0,0,0},{0,0,0}},{{1,0,-3},{0,0,0},{-3,0,9}}}
231	190	3	{{J1,D3},{J2,D6},{J3,D7}}	{{J1,D1},{J1,D2},{J1,D3},{-3*J1+J2-J3,D4},{-3*J1+J2-J3,D5},{J2,D6},{J3,D7}}	-7*J1*J2+11/3*J2^2+J1*J3-1/3*J3^2	{{{0,3,1},{3,15,0},{1,0,-3}},{{3,15,0},{15,63,0},{0,0,0}},{{1,0,-3},{0,0,0},{-3,0,9}}}
232	191	3	{{J1,D5},{J2,D6},{J3,D7}}	{{J1+3*J2-J3,D1},{-J1+J2,D2},{-3*J2+J3,D3},{-J1-2*J2+J3,D4},{J1,D5},{J2,D6},{J3,D7}}	2*J1*J2-12*J2^2+8*J2*J3	{{{0,0,0},{0,2,6},{0,6,18}},{{0,2,6},{2,2,8},{6,8,28}},{{0,6,18},{6,8,28},{18,28,92}}}
232	191	3	{{J1,D5},{J2,D6},{J3,D7}}	{{J1+3*J2-J3,D1},{-J1+J2,D2},{-3*J2+J3,D3},{-J1-2*J2+J3,D4},{J1,D5},{J2,D6},{J3,D7}}	-2*J1*J2-16*J2^2+10*J2*J3	{{{-2,0,0},{0,2,6},{0,6,18}},{{0,2,6},{2,2,8},{6,8,28}},{{0,6,18},{6,8,28},{18,28,92}}}
233	192	3	{{J1,D5},{J2,D6},{J3,D7}}	{{-3*J1-2*J2+J3,D1},{3*J1+3*J2-J3,D2},{J1,D3},{-2*J1-2*J2+J3,D4},{J1,D5},{J2,D6},{J3,D7}}	-12*J1^2+8*J1*J3+2/3*J2*J3	{{{-2,2,0},{2,0,6},{0,6,16}},{{2,0,6},{0,0,0},{6,0,18}},{{0,6,16},{6,0,18},{16,18,92}}}
233	192	3	{{J1,D5},{J2,D6},{J3,D7}}	{{-3*J1-2*J2+J3,D1},{3*J1+3*J2-J3,D2},{J1,D3},{-2*J1-2*J2+J3,D4},{J1,D5},{J2,D6},{J3,D7}}	10*J2^2+8*J1*J3+2/3*J2*J3	{{{0,0,0},{0,2,6},{0,6,16}},{{0,2,6},{2,-2,0},{6,0,18}},{{0,6,16},{6,0,18},{16,18,92}}}
234	193	3	{{J1,D3},{J2,D6},{J3,D7}}	{{-2*J1+J2-J3,D1},{-2*J1+J2-J3,D2},{J1,D3},{3*J1-J2+J3,D4},{3*J1-J2+J3,D5},{J2,D6},{J3,D7}}	-9*J1^2+13*J1*J2-2*J2^2-7*J1*J3-2*J3^2	{{{4,11,1},{11,27,0},{1,0,-3}},{{11,27,0},{27,64,0},{0,0,0}},{{1,0,-3},{0,0,0},{-3,0,9}}}
235	194	3	{{J1,D2},{J2,D6},{J3,D7}}	{{3*J1-J2+J3,D1},{J1,D2},{-2*J1+J2-J3,D3},{-2*J1+J2-J3,D4},{-2*J1+J2-J3,D5},{J2,D6},{J3,D7}}	2*J2^2-4*J1*J3-2*J3^2	{{{2,7,1},{7,21,0},{1,0,-3}},{{7,21,0},{21,60,0},{0,0,0}},{{1,0,-3},{0,0,0},{-3,0,8}}}
236	195	3	{{J1,D5},{J2,D6},{J3,D7}}	{{3*J1+2*J2-J3,D1},{-3*J1-J2+J3,D2},{J1,D3},{-2*J1-2*J2+J3,D4},{J1,D5},{J2,D6},{J3,D7}}	-12*J1^2+8*J1*J3+2/3*J2*J3	{{{0,2,4},{2,0,6},{4,6,22}},{{2,0,6},{0,0,0},{6,0,18}},{{4,6,22},{6,0,18},{22,18,92}}}
237	196	3	{{J1,D5},{J2,D6},{J3,D7}}	{{-J1+J2,D1},{3*J1+J2-J3,D2},{-2*J1-J2+J3,D3},{-J1-2*J2+J3,D4},{J1,D5},{J2,D6},{J3,D7}}	-22/3*J2^2+10/3*J1*J3+4*J2*J3	{{{1,2,5},{2,2,8},{5,8,23}},{{2,2,8},{2,2,8},{8,8,30}},{{5,8,23},{8,8,30},{23,30,93}}}
238	197	3	{{J1,D5},{J2,D6},{J3,D7}}	{{3*J2-J3,D1},{J1+3*J2-J3,D2},{-J1-5*J2+2*J3,D3},{-J1-2*J2+J3,D4},{J1,D5},{J2,D6},{J3,D7}}	-4*J1*J2-24*J2^2+2*J1*J3+18*J2*J3-2*J3^2	{{{2,-2,-4},{-2,2,4},{-4,4,8}},{{-2,2,4},{2,4,12},{4,12,34}},{{-4,4,8},{4,12,34},{8,34,93}}}
239	198	3	{{J1,D4},{J2,D5},{J3,D7}}	{{J1-3*J2+J3,D1},{-J1+J2,D2},{-J1+J2,D3},{J1,D4},{J2,D5},{3*J2-J3,D6},{J3,D7}}	-J1*J2-6*J2^2+12*J2*J3-2*J3^2	{{{-1,0,1},{0,2,6},{1,6,17}},{{0,2,6},{2,4,11},{6,11,27}},{{1,6,17},{6,11,27},{17,27,64}}}
239	198	3	{{J1,D4},{J2,D5},{J3,D7}}	{{J1-3*J2+J3,D1},{-J1+J2,D2},{-J1+J2,D3},{J1,D4},{J2,D5},{3*J2-J3,D6},{J3,D7}}	J1*J2-4*J2^2+6*J2*J3	{{{-2,0,1},{0,2,6},{1,6,17}},{{0,2,6},{2,4,11},{6,11,27}},{{1,6,17},{6,11,27},{17,27,64}}}
240	199	3	{{J1,D5},{J2,D6},{J3,D7}}	{{-3*J1+J3,D1},{4*J1-J2-J3,D2},{J1,D3},{-3*J1+J2+J3,D4},{J1,D5},{J2,D6},{J3,D7}}	-18*J1^2+4/3*J2^2+7/3*J2*J3+10/3*J3^2	{{{2,1,7},{1,-3,6},{7,6,21}},{{1,-3,6},{-3,-9,0},{6,0,18}},{{7,6,21},{6,0,18},{21,18,63}}}
241	200	3	{{J1,D4},{J2,D5},{J3,D7}}	{{-J1-3*J2+J3,D1},{J2,D2},{J2,D3},{J1,D4},{J2,D5},{2*J1+3*J2-J3,D6},{J3,D7}}	-3/2*J1*J2-6*J2^2-9/2*J2*J3+7/2*J3^2	{{{0,0,0},{0,2,6},{0,6,18}},{{0,2,6},{2,0,3},{6,3,15}},{{0,6,18},{6,3,15},{18,15,63}}}
242	201	3	{{J1,D4},{J2,D5},{J3,D7}}	{{-J1-2*J2+J3,D1},{-J1+J2,D2},{J1,D3},{J1,D4},{J2,D5},{2*J1+2*J2-J3,D6},{J3,D7}}	-2*J1^2-4*J2^2-4*J2*J3+4*J3^2	{{{0,2,4},{2,2,7},{4,7,18}},{{2,2,7},{2,2,7},{7,7,21}},{{4,7,18},{7,7,21},{18,21,60}}}
243	202	3	{{J1,D2},{J2,D5},{J3,D7}}	{{-J1+J2-J3,D1},{J1,D2},{2*J1-J2+J3,D3},{2*J1-J2+J3,D4},{J2,D5},{4*J1+2*J3,D6},{J3,D7}}	22*J2^2+4*J3^2	{{{0,2,2},{2,2,0},{2,0,-2}},{{2,2,0},{2,2,0},{0,0,0}},{{2,0,-2},{0,0,0},{-2,0,0}}}
243	202	3	{{J1,D2},{J2,D5},{J3,D7}}	{{-J1+J2-J3,D1},{J1,D2},{2*J1-J2+J3,D3},{2*J1-J2+J3,D4},{J2,D5},{4*J1+2*J3,D6},{J3,D7}}	24*J1*J2-J2*J3+6*J3^2	{{{0,2,2},{2,2,0},{2,0,-2}},{{2,2,0},{2,0,0},{0,0,0}},{{2,0,-2},{0,0,0},{-2,0,0}}}
244	203	3	{{J1,D1},{J2,D5},{J3,D7}}	{{J1,D1},{-2*J1+J2-J3,D2},{J2,D3},{-2*J1+J2-J3,D4},{J2,D5},{-3*J1+4*J2-2*J3,D6},{J3,D7}}	-20*J1*J2+22*J2^2+2*J1*J3-14*J2*J3+J3^2	{{{8,-2,-16},{-2,0,3},{-16,3,30}},{{-2,0,3},{0,2,0},{3,0,-6}},{{-16,3,30},{3,0,-6},{30,-6,-56}}}
245	204	3	{{J1,D2},{J2,D4},{J3,D7}}	{{J1,D1},{J1,D2},{J2,D3},{J2,D4},{2*J1+J3,D5},{4*J1+2*J2+2*J3,D6},{J3,D7}}	24*J1*J2+5*J2^2+12*J2*J3-6*J3^2	{{{0,0,0},{0,0,2},{0,2,0}},{{0,0,2},{0,0,0},{2,0,-4}},{{0,2,0},{2,0,-4},{0,-4,0}}}
246	205	3	{{J1,D4},{J2,D5},{J3,D6}}	{{J1-J2+J3,D1},{-J1+J2,D2},{-J1+J2,D3},{J1,D4},{J2,D5},{J3,D6},{2*J2+2*J3,D7}}	J1*J2+4*J2^2+14*J2*J3+4*J3^2	{{{2,0,-2},{0,0,0},{-2,0,2}},{{0,0,0},{0,0,2},{0,2,2}},{{-2,0,2},{0,2,2},{2,2,0}}}
246	205	3	{{J1,D4},{J2,D5},{J3,D6}}	{{J1-J2+J3,D1},{-J1+J2,D2},{-J1+J2,D3},{J1,D4},{J2,D5},{J3,D6},{2*J2+2*J3,D7}}	-J1*J2+6*J2^2+12*J2*J3+6*J3^2	{{{0,0,-2},{0,0,0},{-2,0,2}},{{0,0,0},{0,0,2},{0,2,2}},{{-2,0,2},{0,2,2},{2,2,0}}}
247	206	3	{{J1,D5},{J2,D6},{J3,D7}}	{{J1+7*J2-3*J3,D1},{-J1-2*J2+J3,D2},{-2*J2+J3,D3},{-J1-4*J2+2*J3,D4},{J1,D5},{J2,D6},{J3,D7}}	-44*J2^2+36*J2*J3-6*J3^2	{{{2,-2,-4},{-2,2,4},{-4,4,8}},{{-2,2,4},{2,7,17},{4,17,41}},{{-4,4,8},{4,17,41},{8,41,98}}}
247	206	3	{{J1,D5},{J2,D6},{J3,D7}}	{{J1+7*J2-3*J3,D1},{-J1-2*J2+J3,D2},{-2*J2+J3,D3},{-J1-4*J2+2*J3,D4},{J1,D5},{J2,D6},{J3,D7}}	-14*J2^2+14*J2*J3-2*J3^2	{{{0,-2,-4},{-2,2,4},{-4,4,8}},{{-2,2,4},{2,7,17},{4,17,41}},{{-4,4,8},{4,17,41},{8,41,98}}}
248	207	3	{{J1,D5},{J2,D6},{J3,D7}}	{{2*J1+3*J2-J3,D1},{-2*J1-2*J2+J3,D2},{J1,D3},{-2*J1-2*J2+J3,D4},{J1,D5},{J2,D6},{J3,D7}}	-7*J1^2+12*J2^2+6*J1*J3	{{{0,0,0},{0,2,6},{0,6,16}},{{0,2,6},{2,0,4},{6,4,24}},{{0,6,16},{6,4,24},{16,24,96}}}
249	208	3	{{J1,D4},{J2,D5},{J3,D6}}	{{J3,D1},{J2,D2},{J1,D3},{J1,D4},{J2,D5},{J3,D6},{2*J1+2*J2+2*J3,D7}}	5*J1^2+12*J1*J2+12*J1*J3+12*J2*J3	{{{0,0,0},{0,0,2},{0,2,0}},{{0,0,2},{0,0,0},{2,0,0}},{{0,2,0},{2,0,0},{0,0,0}}}
250	209	3	{{J1,D5},{J2,D6},{J3,D7}}	{{2*J1+2*J2-J3,D1},{2*J1+2*J2-J3,D2},{-2*J1-J2+J3,D3},{-3*J1-4*J2+2*J3,D4},{J1,D5},{J2,D6},{J3,D7}}	-11*J1^2-2*J2^2+12*J1*J3+2*J2*J3-2*J3^2	{{{0,4,8},{4,2,10},{8,10,32}},{{4,2,10},{2,0,4},{10,4,24}},{{8,10,32},{10,4,24},{32,24,97}}}
251	210	3	{{J1,D5},{J2,D6},{J3,D7}}	{{3*J1+4*J2-2*J3,D1},{-J1-2*J2+J3,D2},{-2*J1-J2+J3,D3},{-J1-2*J2+J3,D4},{J1,D5},{J2,D6},{J3,D7}}	14/3*J1*J3+112/15*J2*J3-2*J3^2	{{{0,4,8},{4,2,10},{8,10,32}},{{4,2,10},{2,1,5},{10,5,25}},{{8,10,32},{10,5,25},{32,25,97}}}
252	211	3	{{J1,D5},{J2,D6},{J3,D7}}	{{4*J1-2*J2-J3,D1},{-3*J1+J2+J3,D2},{J1,D3},{-3*J1+J2+J3,D4},{J1,D5},{J2,D6},{J3,D7}}	-18*J1^2+14*J1*J2-3*J2^2+3*J2*J3+5/2*J3^2	{{{2,0,8},{0,-2,3},{8,3,26}},{{0,-2,3},{-2,-6,-2},{3,-2,16}},{{8,3,26},{3,-2,16},{26,16,72}}}
253	212	3	{{J1,D1},{J2,D4},{J3,D7}}	{{J1,D1},{-2*J1+J2-J3,D2},{-2*J1+J2-J3,D3},{J2,D4},{-2*J1+2*J2-J3,D5},{-5*J1+5*J2-3*J3,D6},{J3,D7}}	34*J2^2+52/5*J1*J3+6*J3^2	{{{9,0,-15},{0,0,0},{-15,0,25}},{{0,0,0},{0,1,0},{0,0,0}},{{-15,0,25},{0,0,0},{25,0,-40}}}
253	212	3	{{J1,D1},{J2,D4},{J3,D7}}	{{J1,D1},{-2*J1+J2-J3,D2},{-2*J1+J2-J3,D3},{J2,D4},{-2*J1+2*J2-J3,D5},{-5*J1+5*J2-3*J3,D6},{J3,D7}}	-36*J1*J2-44*J1*J3+37*J2*J3-28*J3^2	{{{8,-1,-15},{-1,-1,0},{-15,0,25}},{{-1,-1,0},{-1,0,0},{0,0,0}},{{-15,0,25},{0,0,0},{25,0,-40}}}
254	213	3	{{J1,D5},{J2,D6},{J3,D7}}	{{-5*J1+J2+2*J3,D1},{3*J1-J2-J3,D2},{3*J1-J2-J3,D3},{-2*J1+J2+J3,D4},{J1,D5},{J2,D6},{J3,D7}}	-24*J1^2+13*J1*J2-2*J2^2+3/5*J2*J3+26/5*J3^2	{{{6,1,15},{1,-3,5},{15,5,35}},{{1,-3,5},{-3,-1,-5},{5,-5,15}},{{15,5,35},{5,-5,15},{35,15,80}}}
255	214	3	{{J1,D5},{J2,D6},{J3,D7}}	{{3*J1+5*J2-2*J3,D1},{-2*J1-2*J2+J3,D2},{-J1-2*J2+J3,D3},{-J1-2*J2+J3,D4},{J1,D5},{J2,D6},{J3,D7}}	14/3*J1*J3+53/6*J2*J3-2*J3^2	{{{-6,2,-4},{2,2,8},{-4,8,14}},{{2,2,8},{2,2,8},{8,8,32}},{{-4,8,14},{8,8,32},{14,32,100}}}
256	215	3	{{J1,D5},{J2,D6},{J3,D7}}	{{-J1+J2,D1},{2*J1+2*J2-J3,D2},{-J1-2*J2+J3,D3},{-J1-2*J2+J3,D4},{J1,D5},{J2,D6},{J3,D7}}	-10*J2^2+2*J1*J3+6*J2*J3	{{{0,2,4},{2,2,8},{4,8,24}},{{2,2,8},{2,2,8},{8,8,30}},{{4,8,24},{8,8,30},{24,30,100}}}
257	216	3	{{J1,D5},{J2,D6},{J3,D7}}	{{9*J1-4*J2-2*J3,D1},{-2*J1+J2,D2},{-4*J1+2*J2+J3,D3},{-4*J1+2*J2+J3,D4},{J1,D5},{J2,D6},{J3,D7}}	26/9*J2^2+116/9*J1*J3-10*J2*J3-3*J3^2	{{{8,18,0},{18,36,9},{0,9,-18}},{{18,36,9},{36,72,18},{9,18,4}},{{0,9,-18},{9,18,4},{-18,4,-88}}}
258	217	3	{{J1,D1},{J2,D5},{J3,D7}}	{{J1,D1},{J2,D2},{J2,D3},{2*J1+J2+J3,D4},{J2,D5},{3*J1+4*J2+J3,D6},{J3,D7}}	58/3*J1*J2+22*J2^2+43/3*J2*J3-5/3*J3^2	{{{9,-3,-15},{-3,1,5},{-15,5,25}},{{-3,1,5},{1,0,0},{5,0,-10}},{{-15,5,25},{5,0,-10},{25,-10,-40}}}
259	218	3	{{J1,D1},{J2,D4},{J3,D7}}	{{J1,D1},{J2,D2},{2*J1+2*J2+J3,D3},{J2,D4},{2*J1+2*J2+J3,D5},{5*J1+6*J2+2*J3,D6},{J3,D7}}	212/5*J1*J2+49*J2^2+114/5*J1*J3+44*J2*J3+9*J3^2	{{{8,-2,-14},{-2,0,5},{-14,5,20}},{{-2,0,5},{0,0,0},{5,0,-10}},{{-14,5,20},{5,0,-10},{20,-10,-24}}}
260	219	3	{{J1,D3},{J2,D5},{J3,D7}}	{{-2*J1+J2-J3,D1},{J1,D2},{J1,D3},{2*J1+J3,D4},{J2,D5},{2*J1+2*J2+J3,D6},{J3,D7}}	14*J1*J2+5*J2^2+7*J2*J3-J3^2	{{{0,0,0},{0,2,2},{0,2,0}},{{0,2,2},{2,4,0},{2,0,-4}},{{0,2,0},{2,0,-4},{0,-4,0}}}
261	220	3	{{J1,D2},{J2,D5},{J3,D7}}	{{J1-2*J2,D1},{J1,D2},{J2,D3},{J2,D4},{J2,D5},{2*J1+J3,D6},{J3,D7}}	16*J1*J2-3*J2^2+2*J2*J3-2*J3^2	{{{8,4,2},{4,2,1},{2,1,-4}},{{4,2,1},{2,0,0},{1,0,-2}},{{2,1,-4},{1,0,-2},{-4,-2,8}}}
262	221	3	{{J1,D2},{J2,D5},{J3,D7}}	{{J1,D1},{J1,D2},{2*J1+J2+J3,D3},{2*J1+J2+J3,D4},{J2,D5},{6*J1+2*J2+3*J3,D6},{J3,D7}}	44*J1*J2+9*J2^2+16/3*J2*J3-13*J3^2	{{{0,0,0},{0,-2,3},{0,3,-2}},{{0,-2,3},{-2,2,0},{3,0,-6}},{{0,3,-2},{3,0,-6},{-2,-6,8}}}
263	222	3	{{J1,D5},{J2,D6},{J3,D7}}	{{3*J2-J3,D1},{J1,D2},{-J1-2*J2+J3,D3},{-J1-2*J2+J3,D4},{J1,D5},{J2,D6},{J3,D7}}	-4*J1*J2+2*J1*J3+4*J2*J3	{{{0,0,0},{0,2,6},{0,6,16}},{{0,2,6},{2,4,12},{6,12,36}},{{0,6,16},{6,12,36},{16,36,104}}}
264	223	3	{{J1,D4},{J2,D5},{J3,D7}}	{{-3*J1-J2+J3,D1},{J1,D2},{J1,D3},{J1,D4},{J2,D5},{2*J1+2*J2-J3,D6},{J3,D7}}	-6*J1^2+5/3*J2*J3+4/3*J3^2	{{{0,2,3},{2,2,8},{3,8,17}},{{2,2,8},{2,2,8},{8,8,32}},{{3,8,17},{8,8,32},{17,32,83}}}
265	224	3	{{J1,D5},{J2,D6},{J3,D7}}	{{5*J1-2*J2-2*J3,D1},{-2*J1+J3,D2},{-2*J1+J2+J3,D3},{-2*J1+J2+J3,D4},{J1,D5},{J2,D6},{J3,D7}}	32/5*J1*J2-3*J2^2-4*J2*J3+11/5*J3^2	{{{8,2,18},{2,-4,9},{18,9,36}},{{2,-4,9},{-4,-14,4},{9,4,18}},{{18,9,36},{9,4,18},{36,18,72}}}
266	225	3	{{J1,D4},{J2,D6},{J3,D7}}	{{J1+5*J2-2*J3,D1},{-J1-2*J2+J3,D2},{-J1-2*J2+J3,D3},{J1,D4},{-2*J2+J3,D5},{J2,D6},{J3,D7}}	-24*J2^2+18*J2*J3-2*J3^2	{{{2,-2,-4},{-2,2,4},{-4,4,8}},{{-2,2,4},{2,6,16},{4,16,42}},{{-4,4,8},{4,16,42},{8,42,108}}}
266	225	3	{{J1,D4},{J2,D6},{J3,D7}}	{{J1+5*J2-2*J3,D1},{-J1-2*J2+J3,D2},{-J1-2*J2+J3,D3},{J1,D4},{-2*J2+J3,D5},{J2,D6},{J3,D7}}	-6*J2^2+6*J2*J3	{{{0,-2,-4},{-2,2,4},{-4,4,8}},{{-2,2,4},{2,6,16},{4,16,42}},{{-4,4,8},{4,16,42},{8,42,108}}}
267	226	3	{{J1,D2},{J2,D6},{J3,D7}}	{{5*J1-J2+2*J3,D1},{J1,D2},{-4*J1+J2-2*J3,D3},{-4*J1+J2-2*J3,D4},{2*J1+J3,D5},{J2,D6},{J3,D7}}	34/5*J1*J2+6*J2*J3+4/5*J3^2	{{{0,4,2},{4,24,2},{2,2,-4}},{{4,24,2},{24,112,0},{2,0,-4}},{{2,2,-4},{2,0,-4},{-4,-4,8}}}
268	227	3	{{J1,D2},{J2,D5},{J3,D7}}	{{J1,D1},{J1,D2},{-2*J1+J2-J3,D3},{-2*J1+J2-J3,D4},{J2,D5},{-2*J1+3*J2-J3,D6},{J3,D7}}	-14*J1*J2+12*J2^2+2*J1*J3	{{{0,0,0},{0,2,0},{0,0,-2}},{{0,2,0},{2,8,0},{0,0,0}},{{0,0,-2},{0,0,0},{-2,0,8}}}
269	228	3	{{J1,D2},{J2,D6},{J3,D7}}	{{-7*J1+2*J2-4*J3,D1},{J1,D2},{4*J1-J2+2*J3,D3},{4*J1-J2+2*J3,D4},{-2*J1+J2-J3,D5},{J2,D6},{J3,D7}}	82/7*J1*J2-2*J2^2-150/7*J1*J3+13*J2*J3-13*J3^2	{{{0,8,4},{8,32,2},{4,2,-6}},{{8,32,2},{32,113,0},{2,0,-4}},{{4,2,-6},{2,0,-4},{-6,-4,8}}}
270	229	3	{{J1,D5},{J2,D6},{J3,D7}}	{{8*J1-3*J2-2*J3,D1},{-5*J1+2*J2+J3,D2},{J1,D3},{-5*J1+2*J2+J3,D4},{J1,D5},{J2,D6},{J3,D7}}	-58*J1^2+19/2*J2^2+26*J1*J3+3*J2*J3-3*J3^2	{{{6,16,0},{16,42,1},{0,1,-2}},{{16,42,1},{42,104,12},{1,12,-14}},{{0,1,-2},{1,12,-14},{-2,-14,8}}}
271	230	3	{{J1,D5},{J2,D6},{J3,D7}}	{{2*J1+7*J2-3*J3,D1},{-J1-2*J2+J3,D2},{-J1-2*J2+J3,D3},{-J1-4*J2+2*J3,D4},{J1,D5},{J2,D6},{J3,D7}}	-9*J2^2+4*J1*J3+21*J2*J3-6*J3^2	{{{8,-4,-4},{-4,2,2},{-4,2,2}},{{-4,2,2},{2,8,20},{2,20,48}},{{-4,2,2},{2,20,48},{2,48,113}}}
272	231	3	{{J1,D1},{J2,D5},{J3,D7}}	{{J1,D1},{J2,D2},{J2,D3},{2*J1+2*J2+J3,D4},{J2,D5},{3*J1+5*J2+J3,D6},{J3,D7}}	68/3*J1*J2+34*J2^2+41/3*J2*J3-5/3*J3^2	{{{9,-3,-12},{-3,1,4},{-12,4,16}},{{-3,1,4},{1,0,0},{4,0,-8}},{{-12,4,16},{4,0,-8},{16,-8,-16}}}
273	232	3	{{J1,D5},{J2,D6},{J3,D7}}	{{5*J1-3*J2-2*J3,D1},{-2*J1+J2+J3,D2},{-2*J1+J2+J3,D3},{-2*J1+J2+J3,D4},{J1,D5},{J2,D6},{J3,D7}}	-6*J2^2-49/25*J2*J3+34/25*J3^2	{{{8,0,20},{0,0,0},{20,0,50}},{{0,0,0},{0,5,-8},{0,-8,12}},{{20,0,50},{0,-8,12},{50,12,107}}}
274	233	3	{{J1,D3},{J2,D5},{J3,D6}}	{{J1,D1},{J1,D2},{J1,D3},{-3*J1+J2-J3,D4},{J2,D5},{J3,D6},{12*J1-2*J2+4*J3,D7}}	-6*J1^2+6*J2^2-1/2*J2*J3	{{{0,2,1},{2,6,0},{1,0,-3}},{{2,6,0},{6,18,0},{0,0,0}},{{1,0,-3},{0,0,0},{-3,0,9}}}
275	234	3	{{J1,D3},{J2,D6}}	{{J1,D1},{J1,D2},{J1,D3},{3*J1+J2,D4},{6*J1+2*J2,D5},{J2,D6}}	48*J1^2+33*J1*J2+5*J2^2	{{{0,2},{2,-6}},{{2,-6},{-6,18}}}
276	235	3	{{J1,D1},{J2,D4},{J3,D7}}	{{J1,D1},{J2,D2},{J2,D3},{J2,D4},{2*J1+3*J2+J3,D5},{3*J1+6*J2+J3,D6},{J3,D7}}	48*J2^2-6*J3^2	{{{9,-3,-9},{-3,1,3},{-9,3,9}},{{-3,1,3},{1,0,0},{3,0,-6}},{{-9,3,9},{3,0,-6},{9,-6,0}}}
277	236	3	{{J1,D3},{J2,D6},{J3,D7}}	{{J1,D1},{J1,D2},{J1,D3},{-3*J1+J2-J3,D4},{9*J1-J2+3*J3,D5},{J2,D6},{J3,D7}}	-6*J1^2+6*J2^2-1/3*J2*J3	{{{0,2,1},{2,6,0},{1,0,-3}},{{2,6,0},{6,18,0},{0,0,0}},{{1,0,-3},{0,0,0},{-3,0,9}}}
278	237	3	{{J1,D3},{J2,D6},{J3,D7}}	{{J1,D1},{J1,D2},{J1,D3},{-3*J1+J2-J3,D4},{6*J1+2*J3,D5},{J2,D6},{J3,D7}}	-6*J1^2+6*J2^2	{{{0,2,1},{2,6,0},{1,0,-3}},{{2,6,0},{6,18,0},{0,0,0}},{{1,0,-3},{0,0,0},{-3,0,9}}}
279	238	3	{{J1,D3},{J2,D6},{J3,D7}}	{{J1,D1},{J1,D2},{J1,D3},{-3*J1+J2-J3,D4},{-6*J1+J2-2*J3,D5},{J2,D6},{J3,D7}}	-12*J1*J2+10/3*J2^2+J1*J3-1/3*J3^2	{{{0,3,1},{3,21,0},{1,0,-3}},{{3,21,0},{21,135,0},{0,0,0}},{{1,0,-3},{0,0,0},{-3,0,9}}}
280	239	3	{{J1,D1},{J2,D4},{J3,D7}}	{{J1,D1},{J2,D2},{J2,D3},{J2,D4},{2*J1+4*J2+J3,D5},{3*J1+7*J2+J3,D6},{J3,D7}}	64*J2^2-17*J2*J3-9*J3^2	{{{9,-3,-6},{-3,1,2},{-6,2,4}},{{-3,1,2},{1,0,0},{2,0,-4}},{{-6,2,4},{2,0,-4},{4,-4,8}}}
281	240	3	{{J1,D3},{J2,D6},{J3,D7}}	{{-8*J1+J2-3*J3,D1},{J1,D2},{J1,D3},{9*J1-J2+3*J3,D4},{-3*J1+J2-J3,D5},{J2,D6},{J3,D7}}	-78*J1^2+20*J1*J2+J2*J3+8*J3^2	{{{0,3,1},{3,25,0},{1,0,-3}},{{3,25,0},{25,203,0},{0,0,0}},{{1,0,-3},{0,0,0},{-3,0,9}}}
282	241	3	{{J1,D5},{J2,D6},{J3,D7}}	{{8*J1-5*J2-3*J3,D1},{-3*J1+2*J2+J3,D2},{-3*J1+2*J2+J3,D3},{-3*J1+2*J2+J3,D4},{J1,D5},{J2,D6},{J3,D7}}	41/32*J2^2-257/32*J2*J3-6*J3^2	{{{50,80,0},{80,128,0},{0,0,0}},{{80,128,0},{128,203,3},{0,3,-5}},{{0,0,0},{0,3,-5},{0,-5,8}}}
283	242	3	{{J1,D2},{J2,D6},{J3,D7}}	{{J1,D1},{J1,D2},{2*J1+J2,D3},{8*J1+4*J2+2*J3,D4},{12*J1+6*J2+3*J3,D5},{J2,D6},{J3,D7}}	-46*J2^2+92*J1*J3+46*J2*J3+11*J3^2	{{{0,0,0},{0,0,1},{0,1,-2}},{{0,0,1},{0,0,-2},{1,-2,0}},{{0,1,-2},{1,-2,0},{-2,0,8}}}
284	243	3	{{J1,D3},{J2,D4},{J3,D7}}	{{-J1+J2,D1},{J1,D2},{J1,D3},{J2,D4},{2*J1+4*J2+2*J3,D5},{3*J1+6*J2+3*J3,D6},{J3,D7}}	10*J1^2+92*J2^2+69*J2*J3+11*J3^2	{{{-1,0,1},{0,0,1},{1,1,-3}},{{0,0,1},{0,0,1},{1,1,-3}},{{1,1,-3},{1,1,-3},{-3,-3,9}}}
284	243	3	{{J1,D3},{J2,D4},{J3,D7}}	{{-J1+J2,D1},{J1,D2},{J1,D3},{J2,D4},{2*J1+4*J2+2*J3,D5},{3*J1+6*J2+3*J3,D6},{J3,D7}}	92*J2^2+23*J1*J3+46*J2*J3+11*J3^2	{{{0,0,0},{0,0,1},{0,1,-2}},{{0,0,1},{0,0,1},{1,1,-3}},{{0,1,-2},{1,1,-3},{-2,-3,8}}}
285	244	3	{{J1,D3},{J2,D4},{J3,D7}}	{{J2,D1},{J1,D2},{J1,D3},{J2,D4},{4*J1+4*J2+2*J3,D5},{6*J1+6*J2+3*J3,D6},{J3,D7}}	92*J1*J2+46*J1*J3+46*J2*J3+11*J3^2	{{{0,0,0},{0,0,1},{0,1,-2}},{{0,0,1},{0,0,0},{1,0,-2}},{{0,1,-2},{1,0,-2},{-2,-2,8}}}
